POA,DENSITY_2006,DENSITY_2011,DENSITY_2016,DENSITY_2021,SLOPE
3000,49.234914585303216,69.15004371833507,119.50642314481216,179.726477058079,8.836621336896089
3002,2.4711280306749264,2.525848967733809,2.57101545546495,3.020074573868794,0.03384012234625487
3003,24.155490396777946,32.298404580307164,48.620666567873556,94.78206375145976,4.564039641032236
3004,203.965804561311,272.69765398030427,324.92940005134784,455.48089343276087,16.135540253707866
3005,5.505504463627788,7.715196731342343,5.336968612700407,5.336968612700407,-0.0576767134284816
3006,12.05810146957715,14.575839611967622,23.800717443687958,35.87930498439928,1.6137697675237346
3008,30.635991264837298,42.37423791794072,74.04490745919139,128.87096325534822,6.527511710255669
3010,0.37907820955963484,0.41461679170585064,0.2369238809747718,0.2369238809747718,-0.01208311792971336
3011,14.507806102932289,16.548641540374295,19.901582918346865,24.20128337316934,0.6486674637736743
3012,558.5641973414773,616.0794788799993,692.4234473221848,748.1829992137413,12.904007481179544
3013,10.226910157009643,10.770857041660017,11.34138113565813,12.126294718394663,0.12537355556306343
3015,82.83872641715818,87.55051818180297,91.04119113833302,95.93800090420731,0.8557699283535487
3016,1247.5805979169834,1278.7449802984713,1341.073745061447,1434.1647711429239,12.441625688815945
3018,607.8603435582198,633.7170041349482,682.6844852271594,722.8423961228746,7.878272775723508
3019,14.917195961748382,16.845861911514245,18.88349203923298,21.64573395033832,0.44446488186977107
3020,10.45681225243353,10.95870492310277,12.00467212707585,12.60880219362216,0.15003874055077945
3021,16.361282595770113,16.75483777172242,17.474734205936304,18.20435897034227,0.12498251115860703
3022,48.663381306712154,51.625879004882634,54.8933397013942,58.72716025196776,0.6691759506455676
3023,464.39098326682154,697.3114468139064,766.0536554489519,803.0458120697579,21.694133900877087
3024,3.7733568675444493,6.200755377579855,7.728978929334915,10.849919870809009,0.45515825123097475
3025,661.2067520274768,692.8514076660715,742.2110140688554,809.7398007426027,9.899175050963233
3026,53.16154366946659,16.682492783305413,13.790860700865808,571.6534193745989,31.051679900659146
3027,0.02402607987108664,0.4984393519018652,0.9186921387995163,1.2974083130386787,0.08480798972800856
3028,21.936733257582,22.0649825333084,23.18258336463844,23.89100793531759,0.13960849729073624
3029,95.958315906286,141.99344270848275,180.0823788333576,247.25847788038482,9.839788440943426
3030,316.06647631408816,447.10452096334825,558.6301962258801,671.727958121466,23.57020241369331
3031,15.018050005772096,15.843848341683124,16.565958994161377,17.500999710831938,0.16341919535315555
3032,30.4863722515942,35.338424210862186,41.55184326661543,45.65498465532276,1.0343851253387781
3033,189.79550597442125,199.1166667789147,214.9550619670377,225.67818598196305,2.4697287042149685
3034,19.856469797161377,20.549409559005255,21.64500350678544,22.993426827130282,0.21012930075373792
3036,108.45105148265122,110.8676506289222,114.31993512359506,115.84880397123588,0.5129108392085365
3037,425.0647394589947,506.12127718297046,546.3835688908189,562.8076581589255,9.069820956152817
3038,35.21696456422961,35.744702767059856,36.24949583063661,36.63573900807034,0.09522232790197861
3039,237.94992883417552,249.1755568342445,265.74274760014555,337.6034591842301,6.310555636321294
3040,11.073458542375512,11.418310619116157,12.579799372698657,13.69186307293722,0.18033404690535249
3041,2.17873913179913,2.2887297367071304,2.5529127784020473,2.7811175848466836,0.04142636801675154
3042,57.866120645781564,60.399274131027134,66.674146695624,72.01117235919483,0.9742005540967335
3043,28.807721452600614,30.232927812521428,31.24069207293881,31.92799573171719,0.20737174195534214
3044,53.79256765163918,56.97565774855189,63.00532408464476,67.9482161588801,0.9699322371563126
3045,1.376964704751752,8.032294111051886,2.0654470571276278,3.212917644420754,-0.009179764698345064
3046,522.9301518156014,555.7426645000638,615.2015801027811,688.6663736030273,11.133351619299898
3047,449.1897026753648,466.5593861403959,506.35049367980963,541.3666683144937,6.326440089136011
3048,13.015879317976655,13.29888491615667,13.726960610882744,14.269189824202435,0.0837601442680683
3049,138.00413809608241,145.91178861178543,158.421066263745,172.98543952995504,2.349063639071549
3050,0.023311257688626404,0.023311257688626404,0.023311257688626404,0.023311257688626404,0.0
3051,557.1765144791061,650.7290215036472,821.0621076344764,962.8611345797062,27.74773892865259
3052,480.8498376828581,602.001456942797,766.980535366538,894.7062735010471,28.130967717566165
3053,37.199207156676835,42.0564456801122,55.201786422624146,56.16350884439444,1.4007649161132953
3054,17.68567700368265,17.777109602667714,17.807587135662736,18.016575933342885,0.02046348643951461
3055,763.2665733248185,797.2283773399257,869.5220704456136,984.5177377173554,14.720943725665974
3056,17.2266287437606,18.534215022616184,20.33408939853101,22.619342564879677,0.35956031678544115
3057,24.66169029466739,29.214179994288713,42.63691134301596,53.33526213712607,1.9888689375220658
3058,25.252802887350644,26.44383907069565,28.493717671962905,30.320783381788065,0.3450764016915904
3059,67.75419212119414,73.41237700832696,100.13958489336527,139.12962257015326,4.817069984638314
3060,56.02308634398689,58.79784363387096,63.045923378560744,66.48367577310738,0.7125969606410251
3061,393.8546815505487,399.8940742577861,387.8152888433114,394.28606674392285,-0.21569259668704605
3062,0.0,0.0,0.0,5.613183407411932,0.3367910044447159
3064,61.29306376384123,84.10712008760375,115.77244952534743,179.60875239659953,7.732247906720371
3065,377.6535275925493,412.28703428098595,455.90606033695144,526.9178347560633,9.828238950930146
3066,41.15776914482853,46.542644923803465,63.116697258588125,76.48417783554098,2.45106556813844
3067,2.165962619164959,2.333045342374297,4.485763599333637,5.797974254782587,0.2609750632762445
3068,18.891232865344918,19.76900732171448,21.400522887357905,22.68856149181324,0.2604700289009678
3070,79.08004840695806,81.11545876655627,86.92073422797843,92.09241891598481,0.8968477397700483
3071,327.34636604564804,335.0548713013953,353.4084552436506,373.10796867500477,3.1127678366065106
3072,104.40679392546978,111.08975174813884,126.4791924712572,139.197225087306,2.3952146841725406
3073,3128.888389450806,3277.379095100224,3503.161939111434,3717.5594266419653,39.83591911169377
3074,593.5595994382477,611.8455780208591,643.6011390415548,668.4178242608131,5.126604709767837
3075,473.32019100985957,499.81199274548607,566.3811355683423,593.688069665065,8.55345557576945
3076,1006.5253319667913,1406.5526595637962,1733.400506785638,1835.4828071409074,56.274405454883805
3078,1013.980261455686,1105.178486154659,1226.1361315448758,1366.0534078593525,23.54354169202433
3079,319.7510281864248,334.16779729038876,365.0455042518638,413.02967604565436,6.214273010783276
3081,606.38912243859,629.0910572921284,644.1539524556135,704.8359015427968,6.208064649522112
3082,16.891385291743276,17.13216890040458,17.565579395994927,17.90931875456658,0.06974421768120521
3083,1406.338138865648,1556.4742374742782,1783.067180846602,1904.1116693061401,34.398270693876
3084,2555.063123688676,2668.550444165308,2817.202849860051,3016.738068256758,30.67354478797979
3085,343.69871312604266,381.6674868245995,392.55611093926944,400.82863705236286,3.6455679178726106
3086,2.718729157258207,0.23641123106593104,0.8037981856241655,0.8037981856241655,-0.1035481192068778
3087,398.3850393088738,414.02784169981544,419.0920583011994,425.7318089563473,1.7420905108760918
3088,5.626943901774604,5.8770174632513985,6.0970590958672375,6.240865832143731,0.0412361484744644
3089,1.7532306894908716,2.038579788938747,2.1536567067817773,2.27654427515714,0.03370035349683671
3090,318.92521977300413,315.98129466740716,367.49998401535396,389.08876812306505,5.240186687962591
3091,19.522393225649147,20.453959707370995,21.426029079602486,21.75005220367965,0.1531009261264601
3093,273.4767802081838,277.2800996680327,281.6267504792886,289.23338939898645,1.0323295676732767
3094,9.054887178286249,9.990567920049681,10.126568027864135,10.349608204679836,0.08040326373990428
3095,125.39461720589512,126.40304901763446,129.7515597771279,132.76392659937488,0.509128778798655
3096,71.4311716189216,84.48109720314766,87.77792050863634,88.73949397273721,1.1044358073387104
3097,12.091964063356032,15.759199066177125,16.122618751141378,17.113763346498427,0.30857635068782874
3099,57.421843129519104,61.79051652646974,63.153542626318334,65.42525279273266,0.5074651017897854
3101,142.09852142902008,151.9891199653764,158.86485487323222,163.51020597428916,1.4222157708732612
3102,376.0005560967218,356.60668495058945,392.5379656011758,397.95020871172443,2.0356047699118833
3103,17.203257896808555,17.292005962695686,17.874415145079986,18.986539345728097,0.11864507058285852
3104,167.60645014714945,170.5681705513561,170.47842144819833,178.24171887134608,0.6363211413886427
3105,20.599457928797577,21.26380127868635,21.37933925258005,22.31808529046636,0.10542840117800097
3106,575.5998867670621,601.8560343600434,621.5990290617425,643.1738480141147,4.449297568857137
3107,18.022922178769726,18.36067231529372,19.23379234907383,19.973968180179604,0.1345251607601949
3108,8.869109360363657,9.4597378221346,11.200155297598975,14.21865403460047,0.3557810299634964
3109,63.23989192198294,65.05102846725008,68.8793964060389,76.53613228361652,0.8743417804737914
3111,15.82282209257612,16.391261931401825,17.25888063276738,17.718868133922395,0.13111513650808762
3113,23.993470569106577,25.663570014696724,25.76849772855579,25.882169418569777,0.11542048524497332
3114,20.828621598169672,21.990891891070195,22.525905200500596,22.913328631467433,0.13578268818647365
3115,37.46988993607113,34.04610613343305,34.89520451648729,35.60735154743601,-0.09477033565702214
3116,621.4706901548743,641.8832837401344,696.440579322557,812.2356556607599,12.537043842001587
3121,98.70058331350289,104.7439523627221,123.5040632336574,139.77527050645867,2.8396834489960527
3122,63.60169756568578,68.64608441795122,76.74626935023554,79.3115488664336,1.1045947766905553
3123,4.268258299563526,4.28621630318,4.788322084296611,5.541839916043858,0.08645701261115213
3124,37.72598559506123,37.92921321421739,43.13877974429351,44.908347062311755,0.5351330186365537
3125,46.18845524418479,50.68999372761556,57.68073039785869,64.10877475767296,1.2150339042141531
3126,380.89307807896637,403.74400567909964,411.848113723333,420.7493471489663,2.5534583050846633
3127,240.34803496365137,243.60757291105278,251.2932202817677,265.9782965079551,1.6915286400725233
3128,148.7864877249969,161.09585207186714,187.45464797694527,243.7812680772834,6.226862739238753
3129,428.37961703178667,435.6905237800229,469.347040431813,487.9206954138185,4.245595035957715
3130,211.16957332234517,217.42142162743914,230.01443035627125,242.94682513595134,2.158495283393012
3131,706.5615495453586,729.4126144240228,759.3839386489371,797.0550782134014,6.029038204580856
3132,8.991170874787235,9.267572149419031,10.06278009461639,10.404216963279195,0.10068692421346476
3133,4.504766776838378,4.586908525158494,4.691143571302641,4.833900264934844,0.021832710208670905
3134,357.29421815023943,373.43693781528634,392.37125561789776,429.2082136505424,4.693526086070407
3135,5.46779314262659,5.759196144527145,5.84328258288651,6.02812777065925,0.03530180644914688
3136,62.53454624191367,65.63582413617476,72.01593400261267,75.35789631360396,0.8970032016301757
3137,13.014794911526442,13.878184254551538,14.882807039491233,15.78083854751425,0.18605507385806236
3138,63.408574935829414,68.63593345679558,73.84539006501873,77.34521400628203,0.9403874763916202
3139,4.3251622042304065,4.658075189912722,4.682434676669964,4.844831255051582,0.03166733278441535
3140,353.9530874917311,394.4771174756717,429.94374851761654,460.87168820136003,7.124448663416633
3141,378.7755007124398,404.1868898171512,548.7749166219639,612.5116794583712,16.91593126085214
3142,37.353735930943856,37.186833968727186,38.155942136436884,38.7374070370627,0.10240242972132478
3143,7.715111811010016,7.872175608504851,8.030965381796332,9.351336866230932,0.10134929877908459
3144,9.175915445501557,9.372996308418797,10.472834672440808,10.913617677675061,0.12625890121085045
3145,17.274085875831474,17.705736316913672,19.248785790875733,21.723716123622722,0.29783880434671606
3146,11.444449569032868,12.209793414367047,12.491887491107638,13.429820539510956,0.12476413976349715
3147,42.599926410309166,43.84902352429485,47.359557896934355,49.49853465421703,0.48412718208726196
3148,23.907168764996975,25.364352780334144,28.24755109945047,32.36974545299786,0.5654185676623797
3149,1116.8032794754554,1151.5966194494533,1198.5271710422876,1248.5145018576436,8.841284374787978
3150,5799.030358816472,5864.651458900072,6079.727962439383,6567.7346740815065,50.42378898668832
3151,171.85738516149075,171.5108111556193,175.97295148121387,194.29805204166524,1.4356828193223605
3152,29.973057959166926,30.62655971230352,33.02184368910622,35.16106167284315,0.3591859023566272
3153,4.152714049127907,4.381494622786039,4.590010250525734,4.828923297143084,0.04474286743570454
3154,105.61014294734214,113.88210552795773,120.01476744117274,119.80083737443267,0.9740949038897321
3155,241.21788133657705,251.84571393354832,271.5750414672876,289.4671107063377,3.289540312860423
3156,13.690780619493369,14.420282309883074,15.443088803625338,15.984574594430068,0.15808376837104726
3158,1.3065660437727016,1.399892189756466,1.3678946539906038,1.3732275766182476,0.003359741255415516
3159,5.109286081167586,3.929888957123847,4.106368088823823,4.084846243494558,-0.05793680762638222
3160,12.079348786740702,12.294156411875392,12.390819843186001,12.362178826501378,0.018903071011852717
3161,32.27607589070315,33.06720687616896,34.70634754540204,41.81618483308497,0.6051893499275708
3162,2.1853343616811562,2.24773534285944,2.3660372030099373,2.4586636594464526,0.018765795068927726
3163,20.919264410726075,21.90207002569737,23.584149003670927,26.07540991423025,0.3430103097697216
3165,721.9339762743232,741.4592861626215,783.59662772303,849.0638432308536,8.470538848599997
3166,492.3217077367753,514.3204084450977,555.3232223307666,620.3403246859917,8.501173294666366
3167,4.840924853787293,4.950076014472979,5.157037955513373,5.558203909721808,0.04717598217687879
3168,4.2133042754105245,4.5344423685420265,5.560433878075649,6.32373855339892,0.14714588686997618
3169,69.38397699957129,73.64976825564067,78.69398857303658,86.47827918630186,1.1265425375517526
3170,7.771620243876885,8.63030633461764,9.195096888348909,9.467269711753344,0.11303477914721291
3171,10.5397562570801,10.886630425436019,11.495962482238232,12.449099024490561,0.12674720718067192
3172,10.232301764789007,10.536480310207319,10.709729829554268,10.785113208201416,0.036633676991683545
3173,44.75450459413269,50.26357646593228,64.81396239715262,74.58317885966233,2.0807281745561848
3174,6.693254768363232,6.970873571399819,7.386055731057766,7.705043224672515,0.06901095057171591
3175,30.809926876931854,32.66291580938762,35.24044821543269,36.772795659576325,0.40932277507956966
3177,16.400313669670208,17.163710737304196,18.42755699372047,19.776225146540515,0.22783161374054386
3178,5.639889159317032,5.859834747283242,5.901705122974057,6.092391894192469,0.027987571606342528
3179,1.9919713105689323,2.0177049112317844,2.059641149349025,2.1101552543538835,0.007929761389441889
3180,7.850036333415358,8.954245162852926,9.24616243960079,9.699903424111055,0.11683037097669909
3181,172.75245426708688,188.2999911566053,212.73446333326856,229.49636405084402,3.8933240305586936
3182,4726.865028575546,5026.636168430803,5681.449951520522,6150.8739003591645,98.5368079688115
3183,200.92429163723045,205.2236702029344,210.80183829074514,217.3721706629491,1.098436103299333
3184,13.621719069645174,14.21678477940937,15.048853737475067,15.487053987931796,0.1285614742585113
3185,46.449399729512365,47.602752098644594,49.57755687456884,54.75519628707612,0.5378438889723101
3186,373.6998573326548,387.73752983348305,441.5911461548423,448.78013601132704,5.58188904714752
3187,339.373527288229,343.5024199412853,351.6529612823836,363.0744435564226,1.5850658029135798
3188,30.68283064607412,31.442734652880343,34.95103398969232,36.66195558585484,0.4289134831230828
3189,1657.060819622361,1751.5287728905514,1992.3446209758572,2167.342632767751,35.433225750429536
3190,14.521363730289636,15.106736949968921,15.983085161886448,18.553934799191378,0.2594812283724551
3191,136.1474651174063,144.28892810349745,162.49619987239225,182.1097243388846,3.121880988666593
3192,5.723833918405137,5.859005892048255,6.432987376187998,7.018288680780612,0.08914691542532341
3193,589.9591607128222,603.2149176942099,625.9056546447031,639.7072369135598,3.43869931105412
3194,17.05279575566292,17.600065501714386,19.769714790794175,20.553379160879707,0.253427990094603
3195,40.442602171410485,44.02958560035773,45.6926993710487,47.533890333247676,0.45873956512405084
3196,140.498902441565,148.78644656816562,160.02190907536917,169.10205389864132,1.9408983375686493
3197,13.730040921704713,14.596028098906324,15.036166796229912,15.61063353754187,0.1216383308967012
3198,113.72436743259262,116.87143753568137,122.52081215976264,125.68323382432988,0.8305194759858612
3199,12.506662509569427,12.907904648621273,13.457551414445717,13.693349876984405,0.08219417736138755
3200,9.242007186709701,9.355220831299857,9.630707366469235,9.800527833354469,0.03902096950207362
3201,11.57502157790775,13.355381211547911,14.738514876677405,16.13775229728706,0.30142651646534857
3202,83.70682059850778,85.12708478681756,91.60704014598095,92.58347177544393,0.6621981777994367
3204,110.18582566692649,114.50703321877585,122.3944787272089,137.37466490695334,1.7890792645702724
3205,35.05529206037013,35.91376005051479,44.335260086066164,51.59321673001651,1.16070548088981
3206,86.30886285208918,86.56553076302917,88.01998225835581,87.30131210772383,0.08863598524461196
3207,4.387900083639013,4.983141128547774,5.437274306702801,5.9918467087917096,0.10531946107226232
3211,0.594873950419324,1.037994342058208,1.0076436303021201,0.9732461569785538,0.02209531815843203
3212,391.7673380839113,422.098770410977,489.48373628353926,569.6570898399455,12.021084422813296
3214,19.30260574514585,19.623891378171724,20.66023345055396,21.21856519087331,0.13568440819129227
3215,117.99003100158208,124.6141833422796,132.35428359350502,140.25176111416383,1.4905058117794128
3216,6361.529386886593,6945.379726014723,7395.543226774937,7834.935750036313,97.40765180418748
3217,35.318070102922775,66.94379651326726,385.12750080414423,1219.9182486914099,77.43968480112677
3218,277.79112234052127,282.33980264348384,303.1075147337775,326.2644326397687,3.3237528597607198
3219,801.9315419840193,840.088257297499,874.4933531197253,890.4148602289471,5.997101011140192
3220,94.50076976539006,98.15310412506015,106.09354956626885,111.85612155597056,1.2001300162590038
3221,4.600344444376502,5.365506962280264,0.4122508259726396,0.4637821792192196,-0.34725885863558936
3222,3.4614511281984717,3.897914699214756,4.900948832954086,6.0651038343302766,0.1762798450426949
3223,2.201703696601074,2.4697662365627444,2.6743622561596583,3.1411752151583308,0.060460211505373694
3224,83.11442492743943,102.44042342880454,147.5091571888507,155.89638791101177,5.268292454215264
3225,0.9563799774325283,1.0055923383295524,1.0551011592319803,1.2353488425174661,0.017728308323144825
3226,1923.4717652393083,2174.7331164909197,2443.5166409219196,2866.032439473971,61.92931094269976
3227,1.7898421757832939,2.1380604979201214,2.3295805750953766,2.4749617245875024,0.04493757447175761
3228,78.70265975550849,98.2979633770401,114.57595181854863,140.72873893547467,4.047124519628141
3230,4.827605437988641,4.990392713453813,5.126923976747183,5.27745844653218,0.029721805778479757
3231,5.306281657093807,6.5403006471156235,6.445934489055132,6.935912617446147,0.09589053445993054
3232,91.60766696041952,99.88890867442254,107.42769423475632,101.08826092265745,0.7196113489409516
3233,91.60670955641157,88.00143655061362,94.8022924479143,105.00357629386532,0.9398291221932386
3235,0.7698134594432128,0.3849067297216064,0.4315097866834153,0.4574003738844202,-0.017812723994291377
3236,0.03353807586777472,0.05482185478386252,0.04933966930547627,0.05320944729021951,0.0010706385757789623
3238,17.821633397743284,14.869583693822616,20.77368310166395,22.413710714953208,0.3936066271894221
3239,3.313933953835507,2.4954321941532434,2.675103312132277,2.7050484984621157,-0.03293970496282281
3240,47.04865558624508,84.64308960078607,83.86450664782221,87.97987368491692,2.440301426861033
3241,5.2424540433406595,5.536373485118169,6.263156104786191,7.342642054587224,0.14054693306815433
3242,92.98682257620209,107.5615596571115,122.42779147963911,134.37907588598483,2.780859835037517
3243,11.500384428753947,31.10759722531805,18.38176199677885,20.54986725793738,0.2884522651802219
3249,2.8120082496015257,1.973844243463187,2.3081501161405016,2.4393131858033716,-0.015675586374342954
3250,5.434634313999367,5.777839969354178,6.112329290604741,6.355297103760687,0.06192955381069048
3251,22.467141018687716,72.32279680301379,52.209356271998125,59.69840327822736,1.8316069249520655
3260,10.265681592757296,9.498112046468929,10.243238038772256,10.669665564488017,0.03914155814990981
3264,203.19921897521934,212.36463480231657,212.55964364970163,212.55964364970163,0.5655256574166384
3265,2.3359785583721946,3.1651617871073627,3.2454053253720563,3.480191974368753,0.07025767572508737
3266,6.5579116876641015,6.438757168440057,6.037162307351609,6.094533001792816,-0.03583461837404609
3268,156.14203987056845,130.62466370495025,145.9350894043212,143.50486310283372,-0.452022092076665
3269,5.85295425272998,6.103348017552652,4.757481531630786,4.527953913876669,-0.10641735004963598
3270,73.69653360086603,75.59313556853539,91.03689444812863,98.35235918056755,1.7882247123739559
3271,24.111005591609416,20.31731590062192,16.523626209634426,16.523626209634426,-0.5311165567382493
3272,94.11123549888491,107.70084710263752,101.35056130649144,104.27169277271864,0.48262172050710206
3274,1.194083400226116,1.0267963538176264,0.6460741102672706,0.7441389305756955,-0.03461111305003235
3275,5.64014635754786,3.703341381937086,3.469222099170948,3.4266549568498323,-0.13749186969720445
3276,3.7349446685361163,2.733235370461296,2.93357723007626,2.8047860346094975,-0.05180268084329785
3277,4.948603540799048,5.762518596851522,6.071806318151463,6.364815738330353,0.09115848627787718
3278,28.69760029752262,27.993364707399365,20.42283211357438,24.472186756783092,-0.40493546432087135
3279,0.4937499236539165,0.41145826971159705,0.32916661576927764,0.3453022341893403,-0.01055269444672096
3280,78.46404074532269,85.39435409683217,92.96290095699229,98.02364140437363,1.3249469767462587
3281,0.41048758846054806,1.5598528361500825,1.598336047568259,1.7240478715343017,0.07958328121278875
3282,161.0221276044495,219.74510322864816,226.7359336601004,247.24236959236023,5.313031127903689
3283,17.05404812304307,10.226667371081572,15.81532503302474,17.45735331514206,0.1359714647648028
3284,31.689872447738882,36.37214011838794,40.039619738744236,42.638901411423944,0.7302913302282297
3285,2.636304505561224,2.6729835247690326,2.590455731551464,2.7463415631846493,0.004951667593054143
3286,2.6459005882157807,2.1194552515423566,2.064759632147715,1.9895531554800832,-0.040474758352034686
3287,0.41979013973355916,0.4277107084077773,0.4673135517788678,0.5174771533822491,0.006653277686343205
3289,0.3749778779597131,0.3257180494877937,0.4021210487503626,0.4252430090535084,0.0045439678508790975
3292,1.007505463499974,1.1299865198470298,1.0391134780411497,1.019358468952915,-0.0011062805089411486
3293,2.421722179362645,2.670529252584835,2.7202906672292726,3.433537610466216,0.061704154159103006
3294,8.355258151859358,7.8488788699284875,8.680787690243488,9.295676818302402,0.07306329639288264
3300,267.08905324460676,262.0760800959189,268.9756560425001,275.1205908699239,0.6198837764506515
3301,13.317902400488885,42.35832846822159,35.2061216235146,35.26777857907242,1.1739484338208723
3302,4.480738822665239,5.372428140608569,4.302400959076572,4.280108726127989,-0.03343834942287492
3303,0.5166041448517724,0.6580552797516624,0.4981539968213519,0.43050345404314366,-0.008364067107123938
3304,120.46703726422717,110.61402341391229,127.53146228898123,128.55394485835353,0.8235632331489603
3305,76.98169944338336,81.82869533426305,85.75245391259423,88.33208758000919,0.7594984597641733
3310,11.819203237330703,10.97897551903705,7.898140551960327,9.018444176351863,-0.22966224300026483
3311,0.868361978366309,0.932764597280992,1.0068276090328776,1.0315152796168394,0.011270458310069537
3312,65.39998229881664,50.03045647494562,57.02624064305243,57.13223737287223,-0.35614901219452816
3314,45.726293760618226,46.25799485085797,34.02886977534379,37.75077740702202,-0.7231134827260558
3315,243.882175094874,240.3357899984161,237.60780146267925,246.33736477703715,0.09275161021505313
3317,8.14894056032563,31.454910562856934,17.764690421509876,17.927669232716386,0.3129193175165042
3318,3.266640005086292,2.327377102860462,3.038058325341068,3.0131221420961345,-0.0009974473297973407
3319,3.090653479201484,3.2746209482015725,4.028887571101935,4.231251787002032,0.08352123092604012
3321,0.54947853800261,0.521154902023094,0.6548424638464094,0.7194203538797059,0.012870260189092063
3322,4.793301009099072,5.896521082621875,6.999741156144677,7.68449844315883,0.19553624751404153
3323,1.956651347702121,1.9229159796382913,1.8891806115744616,1.9229159796382913,-0.0026988294451063765
3324,170.8708854672478,144.29096995012037,133.32148100654396,139.22812889923895,-2.117955172952059
3325,0.29526515467866277,0.25262468274959154,0.21320235964535594,0.21963865729502707,-0.005326036305102854
3328,0.3712576489452131,0.3866351847003403,0.44887759132823596,0.5550558143993521,0.012272738059806254
3330,0.4494822303520065,0.7669736470292174,0.3602992481393068,0.4031070796014027,-0.010915997022834443
3331,3.116069973065998,3.8690333695677315,5.486992778659692,6.43536190089717,0.2315167038517095
3332,9.72701870261945,10.769199277900105,11.81137985318076,13.390441330878723,0.24064896920116946
3333,0.4427733805822978,0.6342986103225475,0.7187344642940555,0.7887544407582328,0.022447580689986257
3334,0.37420582179416007,0.42563695369951854,0.46465367445530775,0.4965764459827716,0.008122571866432476
3335,30.352836255679616,36.0408470299612,110.38767812388954,119.54889901698024,6.838700387556604
3337,76.59130009826443,98.84237237546398,110.72094698632706,123.37685163307485,3.0447045843058866
3338,4.5853926816993535,6.33301782885389,8.845041625278421,12.906846212575843,0.54952768778108
3340,33.31259492924421,38.85001569904257,45.796561436105726,55.76501970062345,1.4860764010240173
3341,0.6568134964829717,0.770826405306431,0.7931332787718904,0.786936925031485,0.00825354318221999
3342,1.6784761328347289,1.508842906643985,1.6795921409017731,1.964174197998087,0.020556868594957246
3345,14.982470757807393,17.896681317106314,16.28529430196456,19.748062143013865,0.25370774280955316
3350,970.8704068943972,1056.6824525172105,1184.869724792939,1311.8184726988536,23.02062939378195
3351,156.2392196634862,183.28708457297145,187.9350613586594,208.20696011069597,3.211023962546345
3352,131.04905238709105,143.4302832944364,153.99002098678466,180.96781238728275,3.206320353858467
3355,681.4709523266613,745.3706698834612,778.8959654852537,795.9106831778928,7.536889763109739
3356,129.43563485082075,154.41530680812335,181.1211160181517,178.18668268851792,3.4591790544623975
3357,32.633221998629814,45.58349724498573,51.94826320413224,55.99522421861846,1.5290154523822488
3360,116.54408415435348,188.19711367147454,179.56421854892983,187.33382415922006,4.0747264978411
3361,0.2494322939679377,0.3568684928758145,0.26821484622455954,0.2802356796687975,7.513020902648692e-05
3363,1.8453815363166728,2.07056623645048,2.263177049143548,2.40480264671198,0.0374174828775798
3364,36.572433346147044,44.543348306204734,46.84084732410371,49.79477463283098,0.8392904575590158
3370,2.38073366246179,2.645929310938546,2.7996222435784848,3.176320607892059,0.050809075378614905
3371,50.52807911359145,49.15809929711449,47.14342309641308,53.832148082741774,0.15795061413499112
3373,17.225863965432506,17.190528859862386,20.60036654737877,22.897148409436436,0.40847382039056346
3375,0.172317491870989,0.24698840501508423,0.18189068586382173,0.19146387985665445,-0.00015317110388532286
3377,12.189249719916454,11.24174764888731,12.361257788195589,12.585742894254802,0.04617979324646644
3379,3.745446743609258,2.5481981085030587,3.3814184423945353,3.4218660314183933,-0.0027504360536223516
3380,46.686664016836076,49.16694576980857,50.06119701407757,51.59660952782245,0.31248175554456253
3381,4.0600113596883,2.5518432981091714,2.7066742397922,2.7296121570785745,-0.07672733332292296
3384,1.745688998439914,2.9094816640665235,1.95491015181099,1.961448312853836,-0.006145871380275348
3387,0.3964696929675655,0.6187891469680695,0.6410210923681199,0.5224507169011845,0.008003500344018146
3388,9.27932340314949,8.863353733353135,8.863353733353135,9.471309404593963,0.011519160086668378
3390,3.8289923538449706,3.684645419870656,3.7530202833321735,3.806200732691132,1.7763568394002505e-17
3391,0.3248194042982483,0.6119785878082938,0.41426242867022967,0.4001398458746537,0.0005649033118230396
3392,0.2876252363150012,0.4145187229245606,0.37826344103611503,0.3915570443952118,0.005510802847043722
3393,2.158949410225394,2.109067546595637,2.1355672866489455,2.185449150278702,0.002119979204264659
3395,0.3775312397138656,0.5485496645415141,0.353330519219387,0.3113826036956242,-0.007873301067537026
3396,1.741249170346958,1.78768248155621,2.2694280853522018,2.315861396561454,0.04411164564878959
3400,13.985700896987597,15.214988335699262,15.980736703251628,16.60106104847951,0.1722365764405622
3401,10.82975451510033,11.17239716314033,10.402855478198035,11.076906589096396,-0.0005617092590819439
3407,0.9714434508175849,0.6873751493149698,0.7715435349453743,0.8451908723719782,-0.0058917869941283105
3409,128.9696433670036,133.41687244862442,123.781209438446,128.72257508469136,-0.20753735714230373
3412,0.17105137227205824,0.16339235560316012,0.20679345006024952,0.2080699528383992,0.003089136723122246
3413,0.33210460440488937,0.8208623240951038,0.8271284487065169,0.7331365795353217,0.02418724100005421
3414,13.02697306531424,13.351173752460069,13.586956070384309,14.530085342081268,0.09490238296450652
3418,4.475485791510132,4.277760963413963,4.475485791510132,4.406439026143215,-0.0001883093600916119
3419,103.94196577600115,108.7911852746787,90.87015669260953,100.7794313203419,-0.5481726389809387
3420,0.16344106891993254,0.14057625616947564,0.13126096208595617,0.115170908668968,-0.003082515496728262
3423,2.0530620008079263,2.217550647756929,1.8763890096404785,2.0347854844802593,-0.007919823741989034
3424,10.353152810673906,8.776319917665456,9.357258351931728,9.66847537028866,-0.02946187773778938
3427,22.931419392228957,24.24842658705292,29.80051574170295,59.39444211951194,2.29882314672998
3428,0.4139106525406025,0.7954845353514703,0.8019518892974173,0.821353951135258,0.024575944994598267
3429,238.53555445999368,266.273679272823,287.4417079049674,316.4527888528045,5.098394636211537
3431,238.20919676692367,319.17685478129675,341.9416745708451,388.4100696051809,9.4673487660864
3434,66.74145361814917,60.615078286029636,70.05690379788443,85.40887963013688,1.308882070956359
3435,524.0514425565535,637.5228323151379,673.1539450412633,740.0308027733759,13.67138386753185
3437,12.576672439999042,14.57659153664777,17.538440400140964,19.274388072399812,0.46109991521391014
3438,1.3776916105662407,1.859418237909504,1.9711229630905505,2.0455927798779148,0.042308164662321374
3440,2.834358183411694,3.050871655755643,3.129603827517079,3.1059841759886484,0.017872202989845973
3441,11.44431109477457,9.934297825325148,9.870718319243068,10.252195355735553,-0.07279853446398256
3442,10.857356043846794,12.066753511481592,12.117307103376293,13.991678741318326,0.18907043368618592
3444,744.5760717433345,779.4111780794707,835.8479425346634,906.2965933373521,10.831966584744906
3446,0.9942918277094513,1.0653126725458408,1.960964437982529,2.051713295273471,0.08135832336257495
3447,15.112534295884783,36.464188255208235,34.24583459709671,35.49365852978445,1.1785003808717494
3448,0.5409872481955343,0.5377766413813175,0.7127547127561343,0.7882039728902296,0.018332564909178055
3450,567.8262388969757,579.8320944543567,606.549350483458,629.5464822553427,4.237559722084042
3451,1.5491211618245608,1.650753365284224,1.85401777220355,2.131196508911722,0.03898980896361621
3453,0.14834903568331206,0.20191952079117476,0.21487062708098773,0.24047849633584514,0.005786789764948244
3458,0.8483126476280356,1.1403547066475233,1.295468620778753,1.4923028290556237,0.041741689168279875
3460,1.4100824193579171,1.7805937309271354,1.8447767927737717,1.941051385543726,0.03314179920808125
3461,230.33476377420047,226.75491877484683,246.53827271864319,270.8435361353073,2.8261934205423382
3462,49.829027711110676,47.3714736233178,53.0492709985634,58.38809539618241,0.6271000086092159
3463,155.84781281452305,183.56208899632045,169.64496329463864,177.4433526964431,1.0173898788815665
3464,58.954423372554295,93.98804237349711,93.98804237349711,96.24827585742891,2.237631149092477
3465,176.88490047614113,165.65472994942655,188.58137566140442,199.6561113019361,1.8248055637872562
3467,1.3733708850824022,1.4401020722886004,1.3604551714295896,1.4594756427678193,0.0035733474439448056
3468,58.32433245038166,32.13789747265928,38.08935996759619,39.993827965975996,-0.9808010191656018
3469,0.12024307830061025,0.20175013137686282,0.12669908250466985,0.13315508670872947,-0.0007263004729567062
3472,36.74741001462081,58.51109749560472,60.680686278755765,59.73149118612718,1.4224366459534028
3475,0.01907243443913,0.013466685127628952,0.015657437732123615,0.01823479373741145,-6.443390013219627e-06
3478,80.99494409969834,67.5956748062493,58.991032224833155,62.7582389271447,-1.2662951619815415
3480,604.5087854534967,578.8456766370747,640.8648562767612,649.4192258822353,3.9350100185180485
3482,0.9252994009204358,2.1689813914048925,1.034743416083068,1.1839852549412029,-0.007163608265190468
3483,9.819411047255247,6.911431305066067,8.903198251770986,9.560481344183609,0.024299556749800076
3485,14.047517444794757,9.942723386250835,18.2435291490841,17.240135045884475,0.3575731713220484
3487,0.25536236863810335,0.230244758608126,0.20512714857814862,0.21349968525480773,-0.003014113203597285
3490,2.921127736355642,2.3765107007639124,3.0160231289208674,2.8881206432894766,0.010809822979169175
3491,39.51718007034421,40.376249202308216,12.198781673888865,13.745106111424072,-2.1098737881035956
3494,0.14627084512252686,0.24960646704988415,0.2554281922288902,0.2488787514025084,0.006272908880379013
3496,3.545818831513165,3.6925924798667835,3.9846865721348763,4.115474971657903,0.040021250254046146
3498,3.9466463119590505,3.6910154464593727,3.8638881180922486,4.389862416890146,0.030050419728523275
3500,4.895021406723474,5.4492922784771505,5.863827726804162,6.129675342961297,0.08236994514080961
3501,25.34547870287812,23.769594016688806,23.408453776103755,26.56022314848238,0.06566186192455462
3505,20.244010829817817,20.996211555319935,21.018014474899704,22.893065558760053,0.15937934212812957
3507,1.528105537254311,6.112422149017244,2.292158305881467,2.592321893556421,-0.012552295484588954
3509,0.2883784557157732,0.21010430345006334,0.2595406101441959,0.24718153347066277,-0.0014830892008239748
3512,23.536093705283115,29.261089471433063,19.628556912514103,16.993241401111746,-0.5852217894286614
3515,9.127566087003318,7.473718103349047,15.282392760349591,19.218132265754694,0.7616074638650935
3516,6.122999730589799,6.449076639319434,6.1773458820447384,6.956307386232198,0.04456384419305002
3517,6.833447181523509,7.393862162018823,6.679785009452213,7.014226207489739,-0.003434801493358375
3518,43.11123451207587,49.236003001377675,49.89010449052642,49.41439431660006,0.39127161805442645
3520,6.5200468159589136,9.271626206180107,6.579863759224592,6.938765418818661,-0.02871213276752548
3521,23.032549580859556,24.822240933426347,21.865359568316,23.49942558587698,-0.031125067001161424
3522,0.14577209276537192,0.23038692822113377,0.13906992758075712,0.17258075350383112,-0.0002178203684999812
3523,706.61369208793,756.4792688949716,797.1104796266351,882.8053968061436,11.384126497726085
3525,3.9892210159704424,3.5454008253191382,3.581525724558198,4.040828014883385,0.003818917919557725
3527,83.25725088355145,87.45006207912598,87.64971975510572,82.05930482767302,-0.06788360983311122
3529,18.82221051615559,13.158119388608768,7.494028261061947,9.411105258077795,-0.677948138035604
3530,3.889285602128577,12.077255290820318,4.9127818132150445,6.140977266518806,-0.008187969688691737
3531,5.881256261790562,5.881256261790562,3.014143834167663,3.6390273119829106,-0.19187598554091706
3533,34.97512319135245,41.22401186820743,39.26540496949169,41.13074487303049,0.3301651629263674
3537,66.02258040034172,67.15310403733388,57.995862577697444,63.87458549005664,-0.3120245238098337
3540,1.5454939554484008,1.3423304307885173,1.1754461069607556,1.0956318651300871,-0.030329411895654055
3542,2.0367873038673063,2.539371184042356,1.7722694721962278,1.9045283880317672,-0.023277569187054915
3544,31.284308861654814,47.846590023707364,33.38745567588371,36.27928254544844,0.010515734071144294
3546,3.7436389152867497,3.848112559434287,3.4476302568687274,3.1864461464998843,-0.04144121217852312
3549,134.6243417282879,135.57179390935713,130.40387292170692,128.33670452664683,-0.4806166518514686
3550,1082.8172449893889,1126.6690762842038,1208.1614313249931,1236.73344604966,10.86481916443205
3551,17.647666794686458,21.715726892925524,26.521229012550798,31.867683667600826,0.9493110547673675
3555,179.25111119997666,200.44708556829613,221.1064529905822,233.7654986720066,3.684050596767518
3556,83.31097406506677,94.71799435599213,111.6677293156424,118.19413395970417,2.43198429287125
3557,5.44086249084467,4.703713379181844,5.914744062627915,6.35352329576055,0.07898026196387425
3558,1.888793016767006,2.1847329364447856,2.158620590590864,2.2195493975833482,0.01932313593190211
3559,1.0800987751644027,1.8826302673256627,1.7136762689759237,1.7860851254115262,0.03898010104783263
3561,447.5160131700688,412.324714624585,394.33805092356,410.956164125594,-2.553324216688987
3562,1.3692975330130723,1.3017969503997517,1.2342963677864314,1.3403687118930778,-0.003085740919466078
3563,161.6140488294966,166.69334750699505,168.5403652079036,171.31089175926638,0.618750929804358
3564,25.497438063836107,27.328002453132942,29.162643823252267,31.568062508519823,0.4009302940834094
3566,21.009436844184936,21.009436844184936,20.58212626430321,21.792839573968102,0.038457952189355424
3567,1.6855340074900704,2.1290955884085103,2.35087637886773,2.491337546158569,0.05278382812929432
3568,15.238901004828936,14.635174052451832,15.11399198019919,15.280537346372183,0.012074539047541997
3570,2.774771184363012,1.7117991386120073,2.2018706661985092,2.6022107873255114,-0.0005521932705199894
3571,0.24598554502632963,0.20949318395099503,0.20408690823613063,0.18921965002025357,-0.003514079214661852
3573,0.3073944082604601,0.3838681390959892,0.24141707185333697,0.2624098607101489,-0.005548094197871718
3575,1.672261765400029,1.5643739095677691,1.4733435312092997,1.4463715672512347,-0.015374019456097038
3579,73.67917273904426,71.90672779898583,73.27014698364616,74.00639334336275,0.04690161995231563
3580,13.196684801606862,13.567551821792534,15.854565112937518,16.936260588479065,0.27011481303523194
3581,3.7593091245839894,5.586263091671536,3.4431055533572987,2.3890936492683297,-0.12507607928522432
3584,353.82936662204787,356.11582456467823,280.6627124578764,320.67572645390766,-3.498280652224449
3586,0.4673002928253256,1.2059362395492272,1.1305652245774005,1.1946305873034533,0.042132397369251125
3588,45.37193082311653,46.897037741540615,57.57278617050921,63.29193711459953,1.2887153460683518
3589,94.24678719875767,36.380978645113146,43.25612421584319,48.41248339389072,-2.6125553168774163
3590,0.06720956464855073,0.11456175792366602,0.09623187665587946,0.10310558213129942,0.00178716342360919
3591,62.97999691345399,32.53966507195123,18.106749112618022,19.41883238164831,-2.902328191095005
3594,0.5249428090753038,0.46187547512279375,0.49711898527272586,0.5657510839857515,0.0031533666976255037
3595,7.780832965774532,11.258901157848861,10.82862468047884,11.725034008333049,0.2280465330061106
3597,3.5826617759318795,2.9914634630718333,2.4830329140121936,2.9678155305574316,-0.047059385703659674
3599,0.03218061002190853,0.030190056824677073,0.028199503627445617,0.026540709296419406,-0.0003782051074739765
3608,5.217472090334361,4.959631899823651,5.482895815860092,6.1199127571218455,0.06461171832797787
3610,4.062479586203548,4.161263284348315,4.216829114554746,4.426744473112376,0.022967209818658338
3612,4.002070371690578,3.5398371698270066,3.844041926609015,3.9388589936579526,0.002291412453682664
3614,0.7920839964970832,0.7262878817720859,0.8755944498018875,0.9135537467586168,0.010274316376288048
3616,1.1896714242074111,1.2824412900480087,1.352456283135252,1.4790667289680173,0.018764018147381236
3618,25.381115683471815,24.019983296661024,23.699716852705542,25.541248905449553,0.00320266443955461
3620,29.210855838985307,30.14311719554867,31.256651593666014,32.43924238856584,0.21597388093717876
3621,109.5582155333718,118.9342410127811,125.09929886225571,129.33777613376952,1.310074793013356
3622,1.100532494470929,1.030780434962208,1.5577959956947656,1.5732964533633702,0.03890614874819762
3623,0.9271906741598498,0.9063080013184118,0.904219734034268,0.9188376050232746,-0.0005429494938773872
3624,0.5941402611063991,0.5643185491589737,0.5689065048431929,0.5872583275800701,-0.0003211568978953516
3629,17.088838700015938,18.3665088831947,19.137674100899027,20.114179169471363,0.19694373252141203
3630,973.8885416174569,1046.2378739722676,1122.6620537815445,1164.4084501517916,12.959678108245622
3631,598.8877876875274,741.0947334125581,837.6335949413391,1005.0832369942545,26.30250418897925
3633,0.642974018326385,0.642974018326385,0.6670855440136244,0.6644064856039311,0.0017681785503975544
3634,4.362346402481342,4.166835079120833,4.411224233321469,4.655613387522104,0.02248380218645842
3635,0.5510864165871765,0.8774280934488563,0.7819885464421387,0.8066181069600012,0.013423110482235132
3636,84.04057536154141,80.74357358195957,80.11714324383901,83.21632491664595,-0.061983633456139275
3637,1.5712431045221242,1.6290093951295554,1.3112947967886845,1.5596898464006381,-0.007047487454106585
3638,121.90185797830694,170.16935665757876,171.75478544631395,185.31900952771517,3.8367376687391976
3639,20.288736800088913,12.507901656137289,13.470047937378618,13.470047937378618,-0.3898784061377911
3640,84.42238331893742,120.4101300542537,104.4456409009931,111.48083951090454,1.3042175884528155
3641,66.93334379696122,88.85106342820798,92.22302029455362,100.3157167737832,2.0703815159362313
3646,28.154594638164454,27.70769631057454,18.695246704177983,19.9614586323494,-0.6718371524768343
3649,1.440806532297738,1.2115873112503706,1.3425697232774376,1.3491188438787909,-0.0028816130645954808
3658,5.287456107678268,6.275084553646689,6.787746647737168,6.7827205487754965,0.0999691083476433
3659,1.1211598164351317,0.6404174755441104,0.6215311692948203,0.6266819800900812,-0.03004639630568883
3660,269.91656170248103,263.9014958704652,275.55092716538195,289.48456067498813,1.4070685642487604
3662,101.8997312882016,82.43877464960606,74.60033378128287,79.73586400535669,-1.486600854337158
3664,59.69421852378944,80.69467767204777,82.84433097068839,91.44294416525085,1.9479166044604972
3665,7.794165580010309,6.623558962480244,5.452952344950178,5.482587955520559,-0.16210678981998627
3666,19.40426665934317,22.7203496131428,22.159033488150676,23.72208300543644,0.2478426582657537
3669,1.7704670068576351,1.5678762548291494,2.122798749515871,2.3635587736656656,0.04668395590221625
3670,21.064621839173277,39.452523776131166,32.4697762051345,34.68097960261678,0.6773265143866769
3672,163.44097994143536,195.28822186427817,200.7777831248171,211.3675750600411,2.985386932327123
3673,10.012437124211383,5.942661971118358,6.345688248414949,7.03320366262678,-0.17069348214914432
3675,117.42025086342406,81.93610911898273,105.42015929166753,112.00085466972756,0.1445172318319061
3677,884.7257800890262,1002.589544060892,1070.8658047972372,1115.4696393658712,15.210156771337605
3678,2.9720860552545467,3.1109999907432626,3.066189043811419,3.2006218846069507,0.01281593082250737
3682,2.256514047401552,1.9851610923342768,1.8137802786075767,1.8780480837550892,-0.026135574093321776
3683,8.783930302332532,9.11539937034508,9.423192076356733,10.062453850380933,0.0828672670031371
3685,3.136601142705905,3.2617239444094954,3.750840351068984,4.040897755018215,0.06404012487192838
3687,1.8963614033621787,2.228086430189382,2.631685212829146,2.758846473112907,0.059821079837838985
3688,0.6432410607838397,0.7551090713549422,0.7582165160930284,0.8638696371879586,0.013299863479008859
3690,466.41889090423865,500.0971230366191,554.1186742410898,587.1528906858995,8.324471010989065
3691,8.064328746987403,9.90741648826716,9.90741648826716,9.90741648826716,0.11058526447678538
3694,0.08601729991453677,1.2120619533411998,0.0,0.0,-0.029402277061696205
3695,0.9667682913409361,1.0271913095497447,1.032684311205091,1.0216983078943984,0.0034056610263146635
3697,13.817637606502048,14.57737025840594,13.770154315758054,14.15002064171,0.003798663259519408
3698,285.6109332916971,297.4664814660694,280.2220477578915,330.33868322228363,2.338776321671634
3699,37.120418034102734,39.16156634032577,44.38310851903587,36.69320094675372,0.0787978183332612
3700,1.4200022715561982,1.5183919420572831,1.664646857667004,1.7125121027756398,0.020475688185360913
3701,1.5548714444091694,1.3910826775377851,1.402301086227606,1.4247379036072476,-0.007583644274318888
3705,0.3174814639220775,0.3993065834896232,0.2192913204410226,0.2209278228323735,-0.009393523726354254
3707,3.6793361445031496,3.581977745971644,3.581977745971644,3.581977745971644,-0.005841503911890324
3709,0.49510661239127635,0.5710432093838034,0.555855889985298,0.5983803843011132,0.005892679926620102
3711,40.072724100076464,23.10242457015084,44.92138110862664,52.47958173960191,1.1807905891410428
3712,6.168688234479837,17.52810193455856,17.151962408065888,18.0546972716483,0.7056377517002543
3713,2.8019386525256667,2.5289292453564993,2.531803028589859,2.6266378752907276,-0.010460570969429152
3714,6.9294095499371196,6.890632775734898,7.4218745823053425,7.906584259833121,0.06925531872516898
3717,40.87561907086099,45.41068040789259,43.99910502484302,57.36402088563152,0.9610726012252401
3719,4.95600592604259,10.00731965835523,7.306931814037152,8.863625983114632,0.1804494465379609
3720,31.083278188945258,23.53175784365549,24.714066584584696,26.010792300442535,-0.2807029784915793
3722,26.130638095362414,31.320780725532387,34.33798364120453,39.43124360894466,0.8583803891283778
3723,87.14750779807922,85.24325634233712,89.55582581563539,89.49981841987827,0.2273900267739083
3725,2.2830271277128302,1.6864572249938996,3.2008269780496463,3.2352444724372766,0.0874204357445817
3726,0.668623366930867,1.5150720974071772,0.7290839905363177,0.7148579614526822,-0.012945686466108278
3727,1.2493030199848258,0.9302169672614288,0.767969821808854,0.7247039163548341,-0.034720889126851
3728,68.09379099428871,52.763775220705384,54.72459119174511,56.507151165417596,-0.6559820703114722
3730,660.3289623967102,748.0129041189684,838.3031625803173,947.0238036966632,19.00749564722416
3732,28.068708289834067,22.581592383550714,29.968094565085995,31.65643792086549,0.362993821492591
3733,2.881240538447695,4.169745623964676,2.0401330520685543,2.3443634194822858,-0.07480487857584699
3735,2.4248554921067136,1.776347627938639,1.9455235925042236,2.1640425467347706,-0.01226525743100489
3737,4.033954904730862,3.9768334729744192,4.171834222763655,4.226985949976773,0.01548187771053935
3738,7.802365982402373,10.323130376716986,12.843894771031598,11.04334877509259,0.24487425544770525
3739,0.3668555834790326,0.6973888319601411,0.44313248697467306,0.3741200504786174,-0.004649258879734271
3740,1.8925949946620184,1.9260593462375746,2.0896628428291835,1.9520871752407851,0.00684160076655818
3741,5.152135412420608,5.928969761956071,5.607846748166335,5.7943814400000795,0.032112301378973564
3744,4.939638742476572,3.103962182772441,4.5558154618111635,4.722695149056993,0.01602044997559972
3746,0.18814464798244857,0.20711721752689718,0.2830074957046916,0.2877506380908037,0.007494164970057195
3747,450.299631098448,480.09168912123033,519.4074378234267,573.3750183401062,8.170838208543417
3749,0.2746497227155084,0.25128248366819633,0.2716018219702068,0.3088539421905594,0.002458639934543268
3750,15.810522008684032,22.82504937873399,338.92414784812814,889.5088755449066,58.74388318156124
3752,45.93834027635389,78.63023966041268,91.3337009089587,96.15264524723173,3.266927523223591
3753,1.9607582897301254,1.424787914405262,3.4480760812566214,6.851487964569504,0.33390954382738997
3754,1.388851878767673,6.658349226853957,13.57004945576883,17.67657413174416,1.1154973397568868
3756,814.310528205999,1059.1463475450823,1384.10444935367,1815.0410283729168,66.54299204618681
3757,35.15864442369439,37.25560643039331,42.855876220738914,46.4094106392766,0.7870513687418448
3758,238.4769193308925,348.18559956888595,359.3424145083429,373.7533004718082,8.33971916724408
3759,142.30170898278047,112.10802613378186,107.91445907142095,107.63488793393022,-2.1638806041782335
3761,119.37090256540442,91.00121822627723,99.7303518690856,100.60326523336643,-0.9514755670661125
3763,21.685942870358904,19.62240159376766,25.512873965128122,27.0886691217978,0.44197302251354303
3764,1.4944196566267935,1.7221352005633004,2.120491804278315,2.524089942252737,0.06974734921185691
3765,11.70588684253607,12.523765399219814,12.590218031950368,12.794687671121304,0.06665710236972508
3766,6.53905555436356,6.783626529822039,7.14404691470822,7.002453192074363,0.03501226596037179
3767,2.3855076935314052,2.3680952286151173,2.3855076935314052,2.333270298782542,-0.0027859943866060367
3770,11.876570334879585,12.04137963701148,12.370998241275267,12.53580754340716,0.046146604596930235
3775,16.516942106726766,15.272000401476404,16.48474533848753,17.665293507259424,0.093155982772182
3777,121.7938252262397,129.2848251629759,132.75555872439807,137.7302768291032,1.0256017674002529
3778,1.0294118793509661,1.7725376147404208,0.6213018443420032,0.6761225953133564,-0.044222072450224935
3779,2.0897630475226303,0.9669052906447992,1.4295642738027945,1.9338105812895985,-0.00010396831082200464
3781,3.6623063903343147,3.635476306888642,3.745032480958472,3.850116974454023,0.013459758528579098
3782,69.29335441974582,74.84193667402067,75.58345227482238,76.0948423443408,0.4229195874917329
3783,0.6481997305335523,0.8596841450632594,0.9178423590589289,1.0003212807255146,0.02229045729143113
3785,0.0,0.0,5.292274021014997,5.474766228636203,0.4343314541384722
3786,1.605614694271517,1.6523046207608343,1.5303920349276172,1.5355798045375413,-0.006640345100702887
3787,0.1631310892166223,0.20469599688003567,0.18145540334780455,0.18279620682081787,0.0007150951856071114
3788,5.2565016836294305,4.932426364046851,5.211131138887869,5.120390049404747,-0.0025926025566606193
3789,11.67788727868383,16.32392845407417,15.57051637157844,16.198359773658215,0.2561601080485485
3791,50.1493937428989,60.8821238431784,56.70300769793682,57.55782690946351,0.3609236670890448
3792,5.293144330819654,5.682141814449445,5.473750305362057,5.557106908997013,0.01166992450889376
3793,137.71505494654448,140.19083121524642,143.6981809292408,146.48342923153047,0.5962494513790466
3795,33.512743874118904,21.057472755128188,19.48936308187396,20.788653953998892,-0.7948075886722853
3796,457.4407119397472,482.5590440983464,506.8161762972223,513.1316426685272,3.8265984877043184
3797,96.11935771724481,108.05364038683561,120.22983419162082,128.5354498332955,2.1884894030587456
3799,4.933179451984053,5.393391251892595,5.275155018714511,5.4807041625471795,0.030486757970225913
3800,4.795866496202243,1.678553273670785,3.5968998721516825,3.5968998721516825,-0.033571065473415686
3802,571.6212414043086,590.019548258124,605.5873463651985,613.5127708560728,2.824847729247342
3803,57.35528743829576,60.31600455695929,63.79312582422692,66.70220252803004,0.6303573307294095
3804,1.2394104268389707,1.4185242958365933,1.7415047262780894,1.824947331915536,0.04159182291342384
3805,18.554625036419008,19.587203566832354,20.239416120543545,21.025359651654338,0.1612883279883436
3806,641.4918667753966,767.626580987806,816.4270153628694,866.2667619898701,14.462502400369678
3807,222.33251113200518,325.078152813632,348.0048662467223,380.9797071720929,9.977366031067069
3808,12.698806530451717,12.23257015542064,12.244839533710932,12.7233452870323,0.001717712960640796
3809,0.6433084009109868,0.5276002156792596,1.981593637647757,5.110080985516912,0.2970862235157254
3810,827.7828391168965,1364.2830145291907,1786.7123717422387,2052.4805008278627,81.93044684691893
3812,18.85738773376867,17.501491491849464,17.564071318399584,18.75308802285181,-0.005006386124009339
3813,0.19033224075523192,0.657665867609596,0.5641991422387231,0.6168803874477605,0.02372355429413426
3814,4.579271057661772,4.746962673857836,5.53382333447014,6.423878835818485,0.12641367990164887
3815,10.70510537749039,11.859789122844697,12.453318150830555,14.91376575775375,0.2643902033755187
3816,55.74952697794007,52.61239064154954,71.43520865989274,87.57838939090234,2.2861881051446002
3818,731.0896484072699,966.8201757310576,1131.047688278611,1376.9109957712233,42.03383109278827
3820,663.6336085061629,799.0610122175154,908.2682022383834,1101.773379274159,28.472530046497123
3821,171.91996013633806,161.50514253369775,179.31599002806814,188.8251713174354,1.3705296207532482
3822,24.25960595736609,43.03443143741463,37.338697864815636,39.5537053652708,0.8037312930223027
3823,127.91538348779434,145.29117257428663,158.41543879919038,176.16092552582083,3.1572178467796643
3824,164.59172990129377,176.02526634855835,183.27788275167393,200.08688782713006,2.274761803612489
3825,2.019078776212718,2.0926921476110434,2.167600768945996,2.2479062650168964,0.015227821754949753
3831,155.19139037045522,153.34387381842598,171.81903933871828,202.0721228781969,3.182347260870346
3832,11.586408866434722,20.404383755933715,14.252308251632092,13.84216988467865,0.01230415100860327
3833,33.320532093712,37.33236873375759,31.42605368035714,29.08581564033054,-0.3722092882708968
3835,0.6245952732952833,2.0106834140327616,1.6941077275680287,1.890898019154214,0.06964665102224118
3840,13.540261951038076,13.738680024898636,14.257755878837424,14.470346672259454,0.06618660035205846
3842,6.291618157800321,6.710389334437723,7.186113391097811,7.397174064123061,0.07584783551256617
3844,21.218950185848463,23.732996900656516,25.690786035259013,27.38331354798412,0.40901758442018926
3847,57.570088851591784,60.86534646262566,61.76992698330162,66.16360379801345,0.5337025071988196
3850,270.7815892855872,297.76748872886975,321.80108464331454,332.826093133818,4.2033421491827445
3851,1257.887427470634,1292.5806634549415,1470.1688120082779,1576.3095042771,22.65708757945468
3852,7.308296228641802,7.308296228641802,3.813024119291375,3.4952721093504273,-0.298686889344491
3854,42.443726491888484,46.613051294628015,44.52838889325825,47.02998377490197,0.23348218895341405
3856,54.5545600846154,57.55901411826089,61.35411395023414,70.84186353016725,1.0531402033725756
3857,0.2586246143087648,0.16918360186031697,0.161640383942978,0.18211483257575523,-0.004741451262327355
3858,36.87184478356501,45.64616078821016,46.17196249635369,49.39249795873281,0.7617552246729388
3859,32.80449064185835,21.538891542430125,22.180972320117743,24.57418249149887,-0.48097687346781653
3860,85.04751794560649,93.80912466013709,98.43251321959625,102.97028347239873,1.1678337027967183
3862,7.472688978202732,9.096645533832135,8.766876578091297,9.961511285680743,0.14273395933386387
3865,4.881217793112398,6.399818884302922,6.68907623500588,7.9907343131691855,0.19235613821746636
3869,5.228839910265594,6.29110916225249,6.982099840729402,7.683403812914926,0.16109364772849813
3870,1.3015817221977215,1.4220265979831823,1.2005634392808835,1.2588432178867517,-0.006993573432704165
3871,26.55944242777702,28.887176207599722,30.21398446209866,32.12272616155328,0.3603331891165543
3874,0.769478471610452,0.7734757623720647,0.807452733845773,0.9633470735486698,0.012311655545767231
3875,39.56203690052113,45.49047269718675,50.19800290404402,53.989853918545,0.9598196252185777
3878,2.5548867743604857,1.7076251773930768,2.432601595416736,3.0833334405102613,0.046206328329459714
3880,82.76303087370725,94.99723237913479,99.13921909570585,107.34648907113373,1.5578472261770102
3882,292.34078958828843,200.61717245316856,222.30551542107867,257.09723226543446,-1.6808465800130363
3885,3.6894296276146106,3.558118125368855,3.8165052749492125,4.070656569618417,0.02804135951183553
3886,0.46449512128412984,0.5806189016051623,0.5470041230911792,0.5622835678702625,0.005195011224888296
3887,1.2255679797746155,2.5625512304378324,2.7217159031358342,2.530718295898232,0.08149231242137703
3888,18.81120408357071,19.668447894854786,19.48544078907504,19.918878671184963,0.06280033314126016
3889,0.23689902135451119,0.42554083465532566,0.26175879520035494,0.23397434207852957,-0.003451121545658311
3890,0.4262444696765068,0.2236036562237413,0.41401614472677095,0.40877543403402705,0.0027601076315118076
3891,0.5442276032418125,0.39892411693938684,0.30910014358879645,0.1928573545468559,-0.022878694388709205
3892,3.745172382780531,3.893987179447307,4.285866144003151,4.047762469336309,0.025992984484463567
3895,16.94226322138111,10.679246485515108,10.117180881014313,11.723082608159443,-0.3243921488833161
3896,0.9266550851731223,1.4132784259902929,1.2424425722991586,1.3149183890166094,0.019879081156786542
3898,30.839877861600392,36.413349764299255,43.89772631935202,32.8569438835295,0.27071149241680187
3900,3.851204245787817,3.6709351108786,2.0649009998692125,1.7535270395714742,-0.15798131459316833
3902,3.117628770579738,2.1046807945791013,2.115935772090219,2.4310751424015287,-0.0409681181404702
3904,2.97040585335064,2.9968682662980846,3.261492395772529,4.022286768011557,0.0684053374691439
3909,10.899757043861715,11.21316038097016,11.760331781003755,12.924034336004782,0.1324000655292559
3910,56.29230994320221,63.07385931533626,67.81549372134043,70.7274334058159,0.960940095876905
3911,40.59054617824082,44.88753313149291,46.840709019334774,49.788228995532485,0.5909244867943372
3912,18.887198257686556,19.354948758627387,20.23375273009198,21.357062645230183,0.16576794268190945
3913,112.67717350460251,142.06139126909264,143.86965082383048,150.4245917097552,2.301010283403918
3915,18.565888581825053,22.38227313147938,25.523843771165108,27.434871398555163,0.5949703817975213
3916,5.941524344273894,4.7815546138716885,6.791578497851083,7.172331920807532,0.11404893227160619
3918,125.28822930179297,143.0291307244743,161.98214342448168,192.83588502914486,4.4319195976412615
3919,123.04275546881904,137.47231497379872,151.5663033274998,156.82358469753117,2.3087295207967498
3920,10.456207426210499,8.929753787347652,8.54814037763194,8.319172331802513,-0.13585437385879343
3921,14.406021820383092,16.22747285514417,16.72423222826083,22.188585332544072,0.47688899819199204
3922,1195.7813478710955,1326.756441491326,1432.2232771780289,1601.4607576985518,26.45010130338143
3923,104.73272923689575,132.02388585319153,113.59652369347044,141.12093805862344,1.8147452861092395
3925,337.09029440332716,373.64550440064676,397.11637724025417,435.6949383444365,6.385696093258707
3926,5.214341421390479,5.471263059174556,5.342802240282517,5.555930417080672,0.01792612336357081
3927,322.808058754252,338.17987107588306,369.2309319655778,385.52505302650667,4.384040874129176
3928,2.5595833871992415,1.8955101154573728,1.785905789053375,1.8826154888216082,-0.04281016043073795
3929,2.986098290752219,3.399501267963898,3.4880876202235434,3.7686110690457544,0.04872249374280503
3930,43.204139800961265,44.434892849463125,45.86740869280135,46.318012267935906,0.21548266488524292
3931,9.102255956962765,9.700833737494616,10.442369231404642,11.025267778856307,0.1302114191918131
3933,16.62655290784609,18.9874229582049,18.836729125203274,19.43950445720978,0.1657632163017888
3934,6.873729428358882,7.683062203173057,8.314239964663358,8.649171389712242,0.11915007291100765
3936,144.72037671221625,164.2727222621555,189.17896701575725,210.02851281327992,4.4166130611358545
3937,1.498902820242275,1.8043218901975975,1.3861327021049252,1.4143252316392627,-0.01343843907803418
3938,5.796111317456753,6.198525113709585,6.770020336959404,7.2265401898512724,0.09725563680866754
3939,149.52888476577579,163.6364609831733,171.38515669232413,182.88444958747672,2.156307803485073
3940,16.418159455870065,16.433235819006768,17.996152130845026,18.93591209969954,0.18232348486653366
3941,71.9957635469136,75.14051130082436,77.48763072630038,78.85405958402876,0.4584401507364305
3942,48.85875652740917,49.96442869347286,51.862001194690286,52.803316687420185,0.2746250596250094
3943,5.959870110510256,6.104415290694862,6.395600508747912,6.498248535255821,0.03812640984579494
3944,31.187736455484963,33.28355234529355,36.20272447752694,36.327475423348886,0.36676778071650323
3945,7.2992669934993435,4.944320999976197,5.15743828445793,5.413179025836009,-0.1089029323701654
3946,0.35909106534038887,0.3625438640455849,0.36599666275078097,0.5110142083690149,0.009184444555821483
3950,14.432691638146608,17.52839940980704,18.582613407723834,19.954764960567918,0.35240867930361447
3951,1.6490946004777154,2.0532389110173246,2.285505756155031,2.1647269966834237,0.03558328067509663
3953,7.805214904049178,8.399897944357686,8.99201769569935,9.607207047742634,0.1199619236484406
3954,0.17211365530131711,0.15084118105059252,0.1595435568804344,0.16534514076699566,-0.0002320633554624496
3956,14.52181768260043,16.003635813478024,16.89865396452809,18.58792663372855,0.26186690008868857
3958,8.059222559559931,13.994308940631198,9.371189022744106,9.558612803198988,-0.0024989837393983977
3959,0.35959552495770086,0.3612743089210888,0.4267468834932192,0.4475638046392299,0.006587548272334351
3960,3.1040269595331327,2.820874980371331,3.2530543169867125,3.438274032679019,0.0286984111210608
3962,13.918182161712446,16.428425730164154,13.769058781408384,14.340698405907288,-0.027836364323424866
3964,0.5072879300569932,0.5599931695434341,0.6126984090298749,0.7115207330669515,0.013308072970326313
3965,0.9389519744217164,1.058818183922361,0.6243031744825241,1.2286286473816075,0.008690300188796728
3966,2.5331836224165682,3.508185951907837,2.642529678060449,2.770100076311643,-0.0030981382432432804
3971,36.26355067911209,34.393492199742326,35.98304190720663,37.49467251136386,0.10565830408439211
3975,107.42603195320082,235.59984901894538,277.47037921594625,326.840108851216,14.002255217820926
3976,26.521420546759167,27.747763139141867,29.358218784885814,30.443602458603834,0.267540027625559
3977,868.0359576976507,1215.2701261994177,1605.7849068719888,1952.870684703456,72.90037923379974
3978,11.39264810759479,12.127657662923484,100.90631181012527,363.30472306246975,22.89029758023653
3980,5.177570797482355,5.628996009362489,6.071208461816498,6.319952966321878,0.07738717917945158
3981,5.178157430293044,5.8937230928862965,6.55288949143279,7.328379372075724,0.14219664447789063
3984,47.01209338110355,53.98483505995223,57.5251188505017,72.17147057282563,1.5803683073143138
3987,56.55346107465285,74.71553865215233,84.60870286103416,87.85720454156252,2.076087892192217
3988,55.35356500767095,60.9854684241491,70.31833694288432,78.68573630450899,1.5865876481849868
