"pop2024","pop2025","population","growthRate","city","country","type","cca2","rank"
37115000,37036200,37036200,-0.00212,"Tokyo","Japan","w","JP",1
33807400,34665600,34665600,0.02538,"Delhi","India","w","IN",2
29867900,30482100,30482100,0.02056,"Shanghai","China","w","CN",3
23935700,24652900,24652900,0.02996,"Dhaka","Bangladesh","w","BD",4
22623900,23074200,23074200,0.0199,"Cairo","Egypt","w","EG",5
22806700,22990000,22990000,0.00804,"Sao Paulo","Brazil","w","BR",6
22505300,22752400,22752400,0.01098,"Mexico City","Mexico","w","MX",7
22189100,22596500,22596500,0.01836,"Beijing","China","w","CN",8
21673100,22089000,22089000,0.01919,"Mumbai","India","w","IN",9
18967500,18921600,18921600,-0.00242,"Osaka","Japan","w","JP",10
17773900,18171200,18171200,0.02235,"Chongqing","China","w","CN",11
17648600,18076800,18076800,0.02426,"Karachi","Pakistan","w","PK",12
17032300,17778500,17778500,0.04381,"Kinshasa","DR Congo","w","CD",13
16536000,17156400,17156400,0.03752,"Lagos","Nigeria","w","NG",14
16047400,16236700,16236700,0.0118,"Istanbul","Turkey","w","TR",15
15570800,15845200,15845200,0.01762,"Kolkata","India","w","IN",16
15618300,15752300,15752300,0.00858,"Buenos Aires","Argentina","w","AR",17
14942000,15230600,15230600,0.01931,"Manila","Philippines","w","PH",18
14590100,14878700,14878700,0.01978,"Guangzhou","China","w","CN",19
14407100,14825800,14825800,0.02906,"Lahore","Pakistan","w","PK",20
14470900,14704100,14704100,0.01612,"Tianjin","China","w","CN",21
14008300,14395400,14395400,0.02763,"Bangalore","India","w","IN",22
13824300,13923200,13923200,0.00715,"Rio de Janeiro","Brazil","w","BR",23
13311900,13545400,13545400,0.01754,"Shenzhen","China","w","CN",24
12712300,12737400,12737400,0.00197,"Moscow","Russia","w","RU",25
12053700,12336000,12336000,0.02342,"Chennai","India","w","IN",26
11658200,11795800,11795800,0.0118,"Bogota","Colombia","w","CO",27
11436000,11634100,11634100,0.01732,"Jakarta","Indonesia","w","ID",28
11361900,11517300,11517300,0.01368,"Lima","Peru","w","PE",29
11233900,11391700,11391700,0.01405,"Bangkok","Thailand","w","TH",30
11276700,11346800,11346800,0.00622,"Paris","France","w","FR",31
11068900,11337900,11337900,0.0243,"Hyderabad","India","w","IN",32
9947550,10174900,10174900,0.02285,"Nanjing","China","w","CN",33
9651030,10027900,10027900,0.03905,"Luanda","Angola","w","AO",34
10004800,10025800,10025800,0.0021,"Seoul","South Korea","w","KR",35
9828110,9998870,9998870,0.01737,"Chengdu","China","w","CN",36
9748030,9840740,9840740,0.00951,"London","United Kingdom","w","GB",37
9567660,9816320,9816320,0.02599,"Ho Chi Minh City","Vietnam","w","VN",38
9616010,9729740,9729740,0.01183,"Tehran","Iran","w","IR",39
9556880,9534790,9534790,-0.00231,"Nagoya","Japan","w","JP",40
9013840,9222080,9222080,0.0231,"Xi-an","China","w","CN",41
8854440,9061820,9061820,0.02342,"Ahmedabad","India","w","IN",42
8815630,9000280,9000280,0.02095,"Kuala Lumpur","Malaysia","w","MY",43
8850850,8986480,8986480,0.01532,"Wuhan","China","w","CN",44
8350620,8592820,8592820,0.029,"Suzhou","China","w","CN",45
8419840,8591040,8591040,0.02033,"Hangzhou","China","w","CN",46
8330530,8581730,8581730,0.03015,"Surat","India","w","IN",47
8161230,8561520,8561520,0.04905,"Dar es Salaam","Tanzania","w","TZ",48
7921130,8141120,8141120,0.02777,"Baghdad","Iraq","w","IQ",49
7830380,7974270,7974270,0.01838,"Shenyang","China","w","CN",50
7820550,7952860,7952860,0.01692,"Riyadh","Saudi Arabia","w","SA",51
8097282,7936530,7936530,-0.0198,"New York City","United States","us","US",52
7704940,7817160,7817160,0.01456,"Foshan","China","w","CN",53
7675150,7772860,7772860,0.01273,"Dongguan","China","w","CN",54
7725860,7768510,7768510,0.00552,"Hong Kong","Hong Kong","w","HK",55
7345850,7525720,7525720,0.02449,"Pune","India","w","IN",56
6938010,7066860,7066860,0.01857,"Haerbin","China","w","CN",57
6950950,6999460,6999460,0.00698,"Santiago","Chile","w","CL",58
6783240,6810530,6810530,0.00402,"Madrid","Spain","w","ES",59
6542070,6754180,6754180,0.03242,"Khartoum","Sudan","w","SD",60
6431430,6491290,6491290,0.00931,"Toronto","Canada","w","CA",61
6324350,6444580,6444580,0.01901,"Johannesburg","South Africa","w","ZA",62
6300410,6351680,6351680,0.00814,"Belo Horizonte","Brazil","w","BR",63
6217490,6347380,6347380,0.02089,"Dalian","China","w","CN",64
6104600,6217970,6217970,0.01857,"Qingdao","China","w","CN",65
6119200,6157270,6157270,0.00622,"Singapore","Singapore","w","SG",66
6014890,6156140,6156140,0.02348,"Zhengzhou","China","w","CN",67
5940700,6065850,6065850,0.02107,"Ji nan Shandong","China","w","CN",68
5866700,6056880,6056880,0.03242,"Abidjan","Ivory Coast","w","CI",69
5703630,5956680,5956680,0.04437,"Addis Ababa","Ethiopia","w","ET",70
5709680,5813190,5813190,0.01813,"Yangon","Myanmar","w","MM",71
5696130,5807050,5807050,0.01947,"Alexandria","Egypt","w","EG",72
5541170,5766990,5766990,0.04075,"Nairobi","Kenya","w","KE",73
5711920,5733250,5733250,0.00373,"Barcelona","Spain","w","ES",74
5513610,5653490,5653490,0.02537,"Chittagong","Bangladesh","w","BD",75
5431800,5602200,5602200,0.03137,"Hanoi","Vietnam","w","VN",76
5581710,5597340,5597340,0.0028,"Saint Petersburg","Russia","w","RU",77
5499680,5578580,5578580,0.01435,"Guadalajara","Mexico","w","MX",78
5477090,5550490,5550490,0.0134,"Ankara","Turkey","w","TR",79
5478080,5465920,5465920,-0.00222,"Fukuoka","Japan","w","JP",80
5315600,5391890,5391890,0.01435,"Melbourne","Australia","w","AU",81
5195360,5272360,5272360,0.01482,"Monterrey","Mexico","w","MX",82
5184900,5248790,5248790,0.01232,"Sydney","Australia","w","AU",83
5005960,5132170,5132170,0.02521,"Urumqi","China","w","CN",84
5027980,5128270,5128270,0.01995,"Changsha","China","w","CN",85
4977830,5063580,5063580,0.01723,"Cape Town","South Africa","w","ZA",86
4943210,5021600,5021600,0.01586,"Jiddah","Saudi Arabia","w","SA",87
4935270,4990930,4990930,0.01128,"Brasilia","Brazil","w","BR",88
4861080,4955680,4955680,0.01946,"Kunming","China","w","CN",89
4802450,4891020,4891020,0.01844,"Changchun","China","w","CN",90
4728380,4877020,4877020,0.03144,"Kabul","Afghanistan","w","AF",91
4681770,4854260,4854260,0.03684,"Yaounde","Cameroon","w","CM",92
4727290,4830170,4830170,0.02176,"Hefei","China","w","CN",93
4659830,4770300,4770300,0.02371,"Ningbo","China","w","CN",94
4656520,4737590,4737590,0.01741,"Shantou","China","w","CN",95
4490730,4645320,4645320,0.03442,"Kano","Nigeria","w","NG",96
4495730,4568530,4568530,0.01619,"Tel Aviv","Israel","w","IL",97
4534880,4563850,4563850,0.00639,"New Taipei","Taiwan","w","TW",98
4454130,4534990,4534990,0.01815,"Shijiazhuang","China","w","CN",99
4308510,4411110,4411110,0.02381,"Jaipur","India","w","IN",100
4243960,4387410,4387410,0.0338,"Kozhikode","India","w","IN",101
4291460,4383600,4383600,0.02147,"Nanning","China","w","CN",102
4341640,4377310,4377310,0.00822,"Montreal","Canada","w","CA",103
4331970,4347100,4347100,0.00349,"Rome","Italy","w","IT",104
4203110,4346420,4346420,0.0341,"Douala","Cameroon","w","CM",105
4305130,4344050,4344050,0.00904,"Recife","Brazil","w","BR",106
4184920,4343910,4343910,0.03799,"Malappuram","India","w","IN",107
4226780,4305290,4305290,0.01857,"Taiyuan Shanxi","China","w","CN",108
4246400,4284450,4284450,0.00896,"Fortaleza","Brazil","w","BR",109
4239870,4268960,4268960,0.00686,"Porto Alegre","Brazil","w","BR",110
4050830,4265160,4265160,0.05291,"Kampala","Uganda","w","UG",111
4190830,4262130,4262130,0.01701,"Ekurhuleni","South Africa","w","ZA",112
4048670,4228980,4228980,0.04454,"Antananarivo","Madagascar","w","MG",113
4025740,4209940,4209940,0.04576,"Abuja","Nigeria","w","NG",114
4085500,4180040,4180040,0.02314,"Changzhou","China","w","CN",115
4137390,4172810,4172810,0.00856,"Medellin","Colombia","w","CO",116
4004320,4144130,4144130,0.03491,"Ibadan","Nigeria","w","NG",117
4038210,4132670,4132670,0.02339,"Lucknow","India","w","IN",118
4016040,4104120,4104120,0.02193,"Nanchang","China","w","CN",119
4009530,4093180,4093180,0.02086,"Wenzhou","China","w","CN",120
4007470,4077760,4077760,0.01754,"Xiamen","China","w","CN",121
3998750,4072430,4072430,0.01843,"Fuzhou Fujian","China","w","CN",122
3903480,4036230,4036230,0.03401,"Kumasi","Ghana","w","GH",123
3994980,4029910,4029910,0.00874,"Salvador","Brazil","w","BR",124
3925210,4024170,4024170,0.02521,"Tangshan Hebei","China","w","CN",125
3950410,4012310,4012310,0.01567,"Casablanca","Morocco","w","MA",126
3830680,3926050,3926050,0.0249,"Bekasi","Indonesia","w","ID",127
3800190,3892830,3892830,0.02438,"Faisalabad","Pakistan","w","PK",128
3852460,3889140,3889140,0.00952,"Curitiba","Brazil","w","BR",129
3636550,3793780,3793780,0.04324,"Port Harcourt","Nigeria","w","NG",130
3795936,3770958,3770958,-0.0066,"Los Angeles","United States","us","US",131
3661450,3736730,3736730,0.02056,"Guiyang","China","w","CN",132
3605240,3719980,3719980,0.03183,"Thrissur","India","w","IN",133
3540460,3658640,3658640,0.03338,"Dakar","Senegal","w","SN",134
3587400,3648110,3648110,0.01692,"Santo Domingo","Dominican Republic","w","DO",135
3568830,3627220,3627220,0.01636,"Asuncion","Paraguay","w","PY",136
3507050,3604550,3604550,0.0278,"Kochi","India","w","IN",137
3576870,3580190,3580190,0.00093,"Berlin","Germany","w","DE",138
3498740,3559030,3559030,0.01723,"Wuxi","China","w","CN",139
3407810,3527430,3527430,0.0351,"Sanaa","Yemen","w","YE",140
3358930,3520820,3520820,0.0482,"Ouagadougou","Burkina Faso","w","BF",141
3458440,3491580,3491580,0.00958,"Campinas","Brazil","w","BR",142
3477420,3484430,3484430,0.00202,"Busan","South Korea","w","KR",143
3393380,3482830,3482830,0.02636,"Indore","India","w","IN",144
3324220,3470870,3470870,0.04412,"Lusaka","Zambia","w","ZM",145
3415530,3460660,3460660,0.01321,"Mashhad","Iran","w","IR",146
3394340,3443290,3443290,0.01442,"Puebla","Mexico","w","MX",147
3365910,3430880,3430880,0.0193,"Lanzhou","China","w","CN",148
3353600,3405000,3405000,0.01533,"Kuwait City","Kuwait","w","KW",149
3286140,3345370,3345370,0.01802,"Kanpur","India","w","IN",150
3262130,3301090,3301090,0.01194,"Durban","South Africa","w","ZA",151
3193270,3244750,3244750,0.01612,"Guayaquil","Ecuador","w","EC",152
3159630,3229740,3229740,0.02219,"Guatemala City","Guatemala","w","GT",153
3133300,3218290,3218290,0.02712,"Depok","Indonesia","w","ID",154
3183140,3209300,3209300,0.00822,"Pyongyang","North Korea","w","KP",155
3050570,3180340,3180340,0.04254,"Bamako","Mali","w","ML",156
3106340,3170180,3170180,0.02055,"Nagpur","India","w","IN",157
3160630,3167450,3167450,0.00216,"Milan","Italy","w","IT",158
3086000,3159030,3159030,0.02366,"Handan","China","w","CN",159
3083720,3158720,3158720,0.02432,"Coimbatore","India","w","IN",160
3022860,3158340,3158340,0.04482,"Mbuji-Mayi","DR Congo","w","CD",161
3154590,3155320,3155320,0.00023,"Athens","Greece","w","GR",162
3120340,3152090,3152090,0.01018,"Izmir","Turkey","w","TR",163
3071050,3152050,3152050,0.02638,"Huaian","China","w","CN",164
3088750,3137620,3137620,0.01582,"Surabaya","Indonesia","w","ID",165
3060170,3133080,3133080,0.02383,"Port-au-Prince","Haiti","w","HT",166
3051020,3094640,3094640,0.0143,"Dubai","United Arab Emirates","w","AE",167
3051060,3093870,3093870,0.01403,"Zhongshan","China","w","CN",168
2984150,3072530,3072530,0.02962,"Thiruvananthapuram","India","w","IN",169
2994540,3064290,3064290,0.02329,"Weifang","China","w","CN",170
2933960,3061340,3061340,0.04342,"Lubumbashi","DR Congo","w","CD",171
3014610,3028270,3028270,0.00453,"Lisbon","Portugal","w","PT",172
3020230,3018160,3018160,-0.00069,"Kiev","Ukraine","w","UA",173
2991730,3015110,3015110,0.00781,"Caracas","Venezuela","w","VE",174
2952120,3004130,3004130,0.01762,"Algiers","Algeria","w","DZ",175
2889900,2955410,2955410,0.02267,"Pretoria","South Africa","w","ZA",176
2882170,2951330,2951330,0.024,"Shaoxing","China","w","CN",177
2935530,2930170,2930170,-0.00183,"Shizuoka","Japan","w","JP",178
2890420,2927080,2927080,0.01268,"Goiania","Brazil","w","BR",179
2890430,2916790,2916790,0.00912,"Cali","Colombia","w","CO",180
2834510,2898490,2898490,0.02257,"Yantai","China","w","CN",181
2827610,2890880,2890880,0.02238,"Huizhou","China","w","CN",182
2828440,2876180,2876180,0.01688,"Zibo","China","w","CN",183
2861690,2873700,2873700,0.0042,"Incheon","South Korea","w","KR",184
2726820,2846420,2846420,0.04386,"Mogadishu","Somalia","w","SO",185
2811760,2832580,2832580,0.0074,"Manchester","United Kingdom","w","GB",186
2724570,2813480,2813480,0.03263,"Brazzaville","Republic of the Congo","w","CG",187
2685360,2799960,2799960,0.04268,"Damascus","Syria","w","SY",188
2721160,2788380,2788380,0.0247,"Accra","Ghana","w","GH",189
2766330,2779200,2779200,0.00465,"Taipei","Taiwan","w","TW",190
2714220,2758100,2758100,0.01617,"Bandung","Indonesia","w","ID",191
2666740,2725560,2725560,0.02206,"Luoyang","China","w","CN",192
2674340,2719520,2719520,0.01689,"Toluca de Lerdo","Mexico","w","MX",193
2682510,2707920,2707920,0.00947,"Vancouver","Canada","w","CA",194
2684810,2704620,2704620,0.00738,"Birmingham","United Kingdom","w","GB",195
2633240,2689540,2689540,0.02138,"Patna","India","w","IN",196
2624860,2686290,2686290,0.0234,"Bhopal","India","w","IN",197
2633660,2665080,2665080,0.01193,"Tashkent","Uzbekistan","w","UZ",198
2660950,2653580,2653580,-0.00277,"Sapporo","Japan","w","JP",199
2570980,2626610,2626610,0.02164,"Tangerang","Indonesia","w","ID",200
2555720,2613750,2613750,0.02271,"Nantong","China","w","CN",201
2638159,2611867,2611867,-0.01,"Chicago","United States","us","US",202
2536450,2568170,2568170,0.01251,"Brisbane","Australia","w","AU",203
2480550,2548930,2548930,0.02757,"Peshawar","Pakistan","w","PK",204
2510670,2545030,2545030,0.01369,"Tunis","Tunisia","w","TN",205
2479060,2543540,2543540,0.02601,"Gujranwala","Pakistan","w","PK",206
2479070,2521590,2521590,0.01715,"Medan","Indonesia","w","ID",207
2443690,2500940,2500940,0.02343,"Hohhot","China","w","CN",208
2464160,2496500,2496500,0.01312,"Baku","Azerbaijan","w","AZ",209
2430390,2486560,2486560,0.02311,"Rawalpindi","Pakistan","w","PK",210
2422340,2478340,2478340,0.02312,"Agra","India","w","IN",211
2405660,2465140,2465140,0.02473,"Kannur","India","w","IN",212
2432180,2453800,2453800,0.00889,"Belem","Brazil","w","BR",213
2397410,2447620,2447620,0.02094,"Liuzhou","China","w","CN",214
2385110,2440420,2440420,0.02319,"Visakhapatnam","India","w","IN",215
2317650,2438480,2438480,0.05213,"Aleppo","Syria","w","SY",216
2406850,2434640,2434640,0.01155,"Manaus","Brazil","w","BR",217
2436620,2433680,2433680,-0.00121,"San Juan","Puerto Rico","w","PR",218
2400830,2432440,2432440,0.01317,"Maracaibo","Venezuela","w","VE",219
2352680,2425800,2425800,0.03108,"Phnom Penh","Cambodia","w","KH",220
2381240,2425700,2425700,0.01867,"Baotou","China","w","CN",221
2373360,2424920,2424920,0.02172,"Vadodara","India","w","IN",222
2373300,2396400,2396400,0.00973,"Barranquilla","Colombia","w","CO",223
2402480,2379330,2379330,-0.00964,"Beirut","Lebanon","w","LB",224
2332530,2376040,2376040,0.01865,"Xuzhou","China","w","CN",225
2338720,2356610,2356610,0.00765,"Taoyuan","Taiwan","w","TW",226
2294300,2351140,2351140,0.02477,"Nashik","India","w","IN",227
2290780,2350700,2350700,0.02616,"Vijayawada","India","w","IN",228
2341430,2337590,2337590,-0.00164,"Sendai","Japan","w","JP",229
2297220,2333220,2333220,0.01567,"Tijuana","Mexico","w","MX",230
2294590,2327990,2327990,0.01456,"Esfahan","Iran","w","IR",231
2319119,2324082,2324082,0.0021,"Houston","United States","us","US",232
2250100,2315020,2315020,0.02885,"Putian","China","w","CN",233
2252690,2273240,2273240,0.00912,"Amman","Jordan","w","JO",234
2205410,2258380,2258380,0.02402,"Multan","Pakistan","w","PK",235
2195260,2257210,2257210,0.02822,"Wuhu Anhui","China","w","CN",236
2181940,2252170,2252170,0.03219,"Kollam","India","w","IN",237
2178600,2251590,2251590,0.0335,"Conakry","Guinea","w","GN",238
2196820,2220560,2220560,0.01081,"Grande Vitoria","Brazil","w","BR",239
2184560,2218580,2218580,0.01557,"Mecca","Saudi Arabia","w","SA",240
2175100,2216800,2216800,0.01917,"Yangzhou","China","w","CN",241
2152230,2198540,2198540,0.02152,"Taizhou Zhejiang","China","w","CN",242
2149700,2190060,2190060,0.01877,"Baoding","China","w","CN",243
2180030,2182170,2182170,0.00098,"Naples","Italy","w","IT",244
2179930,2181080,2181080,0.00053,"Daegu","South Korea","w","KR",245
2143490,2169190,2169190,0.01199,"Perth","Australia","w","AU",246
2120050,2161430,2161430,0.01952,"Linyi Shandong","China","w","CN",247
2152520,2156350,2156350,0.00178,"Havana","Cuba","w","CU",248
2096980,2150330,2150330,0.02544,"Rajkot","India","w","IN",249
2115510,2142600,2142600,0.01281,"Bursa","Turkey","w","TR",250
2132180,2141520,2141520,0.00438,"Brussels","Belgium","w","BE",251
2042730,2108740,2108740,0.03231,"Lome","Togo","w","TG",252
2056650,2095420,2095420,0.01885,"Haikou","China","w","CN",253
2044370,2085470,2085470,0.0201,"Daqing","China","w","CN",254
2035630,2080810,2080810,0.02219,"Lianyungang","China","w","CN",255
2034330,2073240,2073240,0.01913,"Yancheng Jiangsu","China","w","CN",256
2064730,2070930,2070930,0.003,"Minsk","Belarus","w","BY",257
2011960,2058730,2058730,0.02325,"Hyderabad","Pakistan","w","PK",258
2062880,2058190,2058190,-0.00227,"Hiroshima","Japan","w","JP",259
2015740,2054540,2054540,0.01925,"Panama City","Panama","w","PA",260
2013570,2052410,2052410,0.01929,"Semarang","Indonesia","w","ID",261
1972560,2044650,2044650,0.03655,"Benin City","Nigeria","w","NG",262
2015210,2042040,2042040,0.01331,"Almaty","Kazakhstan","w","KZ",263
1991460,2033990,2033990,0.02136,"Davao City","Philippines","w","PH",264
2007260,2030790,2030790,0.01172,"Valencia","Venezuela","w","VE",265
1988440,2028680,2028680,0.02024,"Ludhiana","India","w","IN",266
1989200,2020970,2020970,0.01597,"Rabat","Morocco","w","MA",267
1986670,2017260,2017260,0.0154,"Quito","Ecuador","w","EC",268
1938920,2007500,2007500,0.03537,"Can Tho","Vietnam","w","VN",269
1990490,2005500,2005500,0.00754,"Vienna","Austria","w","AT",270
1965570,1997370,1997370,0.01618,"La Paz","Bolivia","w","BO",271
1915040,1984660,1984660,0.03635,"Matola","Mozambique","w","MZ",272
1965110,1981790,1981790,0.00849,"Baixada Santista","Brazil","w","BR",273
1930370,1968620,1968620,0.01981,"Zhuhai","China","w","CN",274
1920730,1966630,1966630,0.0239,"Quanzhou","China","w","CN",275
1942470,1956470,1956470,0.00721,"West Yorkshire","United Kingdom","w","GB",276
1913670,1951440,1951440,0.01974,"Datong","China","w","CN",277
1924440,1950390,1950390,0.01348,"Leon de los Aldamas","Mexico","w","MX",278
1871110,1923440,1923440,0.02797,"Raipur","India","w","IN",279
1871910,1911650,1911650,0.02123,"Madurai","India","w","IN",280
1872200,1909930,1909930,0.02015,"Sharjah","United Arab Emirates","w","AE",281
1847690,1904140,1904140,0.03055,"Mosul","Iraq","w","IQ",282
1855730,1891230,1891230,0.01913,"Santa Cruz","Bolivia","w","BO",283
1852670,1887700,1887700,0.01891,"Palembang","Indonesia","w","ID",284
1840040,1885950,1885950,0.02495,"Cixi","China","w","CN",285
1856640,1876820,1876820,0.01087,"Adana","Turkey","w","TR",286
1835400,1874890,1874890,0.02152,"Meerut","India","w","IN",287
1826140,1866580,1866580,0.02215,"La Laguna","Mexico","w","MX",288
1806150,1858910,1858910,0.02921,"Batam","Indonesia","w","ID",289
1833010,1858710,1858710,0.01402,"Gaziantep","Turkey","w","TR",290
1797470,1826520,1826520,0.01616,"Jiangmen","China","w","CN",291
1789050,1826010,1826010,0.02066,"Varanasi","India","w","IN",292
1738720,1815750,1815750,0.0443,"Kananga","DR Congo","w","CD",293
1805730,1809850,1809850,0.00228,"Turin","Italy","w","IT",294
1772320,1801750,1801750,0.01661,"Xiangyang","China","w","CN",295
1758100,1800420,1800420,0.02407,"Yichang","China","w","CN",296
1799450,1800230,1800230,0.00043,"Warsaw","Poland","w","PL",297
1757700,1795680,1795680,0.02161,"Yinchuan","China","w","CN",298
1735360,1794650,1794650,0.03417,"Monrovia","Liberia","w","LR",299
1781360,1788170,1788170,0.00382,"Montevideo","Uruguay","w","UY",300
1787280,1787710,1787710,0.00024,"Hamburg","Germany","w","DE",301
1774400,1787230,1787230,0.00723,"Lyon","France","w","FR",302
1731860,1783690,1783690,0.02993,"Tiruppur","India","w","IN",303
1780390,1782240,1782240,0.00104,"Budapest","Hungary","w","HU",304
1726330,1779600,1779600,0.03086,"Suqian","China","w","CN",305
1737500,1777610,1777610,0.02308,"Srinagar","India","w","IN",306
1730520,1767760,1767760,0.02152,"Jamshedpur","India","w","IN",307
1725280,1767330,1767330,0.02437,"Aurangabad","India","w","IN",308
1694910,1767110,1767110,0.0426,"Onitsha","Nigeria","w","NG",309
1742750,1763900,1763900,0.01214,"Shiraz","Iran","w","IR",310
1723730,1762820,1762820,0.02268,"Qinhuangdao","China","w","CN",311
1767520,1758700,1758700,-0.00499,"Bucharest","Romania","w","RO",312
1705080,1740860,1740860,0.02098,"Xining","China","w","CN",313
1702010,1739050,1739050,0.02176,"Hengyang","China","w","CN",314
1693380,1738620,1738620,0.02672,"Anyang","China","w","CN",315
1713450,1738430,1738430,0.01458,"Anshan","China","w","CN",316
1719600,1737760,1737760,0.01056,"Stockholm","Sweden","w","SE",317
1704930,1737390,1737390,0.01904,"Makassar","Indonesia","w","ID",318
1699360,1724890,1724890,0.01502,"Ulaanbaatar","Mongolia","w","MN",319
1655620,1722780,1722780,0.04056,"N-Djamena","Chad","w","TD",320
1693700,1719310,1719310,0.01512,"Jilin","China","w","CN",321
1708150,1718940,1718940,0.00632,"Glasgow","United Kingdom","w","GB",322
1692770,1711130,1711130,0.01085,"Auckland","New Zealand","w","NZ",323
1701510,1706660,1706660,0.00303,"Novosibirsk","Russia","w","RU",324
1676170,1702510,1702510,0.01571,"Muscat","Oman","w","OM",325
1678030,1695670,1695670,0.01051,"Tabriz","Iran","w","IR",326
1662410,1689400,1689400,0.01624,"Qiqihaer","China","w","CN",327
1665020,1687900,1687900,0.01374,"Calgary","Canada","w","CA",328
1662607,1675144,1675144,0.0075,"Phoenix","United States","us","US",329
1621640,1672900,1672900,0.03161,"Kathmandu","Nepal","w","NP",330
1625320,1664420,1664420,0.02406,"Jodhpur","India","w","IN",331
1609260,1650280,1650280,0.02549,"Tegucigalpa","Honduras","w","HN",332
1635710,1644610,1644610,0.00544,"Marseille","France","w","FR",333
1625940,1640600,1640600,0.00902,"Cordoba","Argentina","w","AR",334
1603200,1633020,1633020,0.0186,"Harare","Zimbabwe","w","ZW",335
1613040,1631090,1631090,0.01119,"Rosario","Argentina","w","AR",336
1604080,1625980,1625980,0.01365,"Ciudad Juarez","Mexico","w","MX",337
1598980,1624660,1624660,0.01606,"Medina","Saudi Arabia","w","SA",338
1595960,1622270,1622270,0.01649,"Jining Shandong","China","w","CN",339
1584240,1621720,1621720,0.02366,"Ranchi","India","w","IN",340
1593280,1618740,1618740,0.01598,"Abu Dhabi","United Arab Emirates","w","AE",341
1603010,1614660,1614660,0.00727,"Karaj","Iran","w","IR",342
1552150,1612940,1612940,0.03917,"Nouakchott","Mauritania","w","MR",343
1558470,1599350,1599350,0.02623,"Kota","India","w","IN",344
1568120,1598460,1598460,0.01935,"Zhangjiakou","China","w","CN",345
1563020,1594300,1594300,0.02001,"Mandalay","Myanmar","w","MM",346
1584510,1590890,1590890,0.00403,"Munich","Germany","w","DE",347
1567620,1588600,1588600,0.01338,"Edmonton","Canada","w","CA",348
1581700,1586180,1586180,0.00283,"Daejon","South Korea","w","KR",349
1551000,1582200,1582200,0.02012,"Jabalpur","India","w","IN",350
1556410,1575050,1575050,0.01198,"Natal","Brazil","w","BR",351
1559080,1565860,1565860,0.00435,"Gaoxiong","Taiwan","w","TW",352
1534080,1565300,1565300,0.02035,"Asansol","India","w","IN",353
1538600,1564320,1564320,0.01672,"Huainan","China","w","CN",354
1525750,1563820,1563820,0.02495,"Yiwu","China","w","CN",355
1499600,1563600,1563600,0.04268,"Homs","Syria","w","SY",356
1496260,1561490,1561490,0.0436,"Niamey","Niger","w","NE",357
1495220,1553460,1553460,0.03895,"Mombasa","Kenya","w","KE",358
1508040,1550560,1550560,0.0282,"Ganzhou","China","w","CN",359
1536020,1548210,1548210,0.00794,"Grande Sao Luis","Brazil","w","BR",360
1483510,1546690,1546690,0.04259,"Kisangani","DR Congo","w","CD",361
1520630,1545080,1545080,0.01608,"Chaozhou","China","w","CN",362
1508850,1543500,1543500,0.02296,"Gwalior","India","w","IN",363
1532970,1537000,1537000,0.00263,"Yekaterinburg","Russia","w","RU",364
1532900,1536730,1536730,0.0025,"Gwangju","South Korea","w","KR",365
1513974,1532653,1532653,0.0123,"San Antonio","United States","us","US",366
1485160,1524650,1524650,0.02659,"Basra","Iraq","w","IQ",367
1493350,1523670,1523670,0.0203,"Allahabad","India","w","IN",368
1533828,1517114,1517114,-0.0109,"Philadelphia","United States","us","US",369
1470920,1511450,1511450,0.02755,"Jiaxing","China","w","CN",370
1480470,1511110,1511110,0.0207,"Amritsar","India","w","IN",371
1477600,1506700,1506700,0.01969,"Taizhou Jiangsu","China","w","CN",372
1463650,1503910,1503910,0.02751,"Hai Phong","Vietnam","w","VN",373
1482460,1502640,1502640,0.01361,"San Jose","Costa Rica","w","CR",374
1465930,1499360,1499360,0.0228,"Weihai","China","w","CN",375
1472710,1491180,1491180,0.01254,"Chon Buri","Thailand","w","TH",376
1428800,1476370,1476370,0.03329,"Liuyang","China","w","CN",377
1427890,1471240,1471240,0.03036,"Liuan","China","w","CN",378
1434460,1467460,1467460,0.02301,"Kaifeng","China","w","CN",379
1441910,1467160,1467160,0.01751,"Taian Shandong","China","w","CN",380
1451570,1465780,1465780,0.00979,"Ottawa","Canada","w","CA",381
1430690,1460280,1460280,0.02068,"Cochabamba","Bolivia","w","BO",382
1436820,1459290,1459290,0.01564,"Queretaro","Mexico","w","MX",383
1426580,1458890,1458890,0.02265,"Rizhao","China","w","CN",384
1393450,1457020,1457020,0.04562,"Uyo","Nigeria","w","NG",385
1443350,1455100,1455100,0.00814,"Zurich","Switzerland","w","CH",386
1429940,1450150,1450150,0.01413,"Konya","Turkey","w","TR",387
1435120,1447780,1447780,0.00882,"Joao Pessoa","Brazil","w","BR",388
1378010,1447340,1447340,0.05031,"Mwanza","Tanzania","w","TZ",389
1412710,1444820,1444820,0.02273,"Nanchong","China","w","CN",390
1414530,1441800,1441800,0.01928,"Dhanbad","India","w","IN",391
1410790,1440090,1440090,0.02077,"Dongying","China","w","CN",392
1406090,1434030,1434030,0.01987,"Zunyi","China","w","CN",393
1399310,1425480,1425480,0.0187,"Zhanjiang","China","w","CN",394
1379370,1423630,1423630,0.03209,"Pointe-Noire","Republic of the Congo","w","CG",395
1387380,1418040,1418040,0.0221,"Shiyan","China","w","CN",396
1418980,1415820,1415820,-0.00223,"Kharkiv","Ukraine","w","UA",397
1380720,1413250,1413250,0.02356,"Bareilly","India","w","IN",398
1410700,1412950,1412950,0.00159,"Belgrade","Serbia","w","RS",399
1396630,1411010,1411010,0.0103,"Bucaramanga","Colombia","w","CO",400
1376450,1400850,1400850,0.01773,"Mianyang Sichuan","China","w","CN",401
1391200,1400740,1400740,0.00686,"Copenhagen","Denmark","w","DK",402
1360780,1394750,1394750,0.02496,"Tengzhou","China","w","CN",403
1372400,1394590,1394590,0.01617,"Antalya","Turkey","w","TR",404
1376150,1393410,1393410,0.01254,"Samut Prakan","Thailand","w","TH",405
1381860,1393190,1393190,0.0082,"Taizhong","Taiwan","w","TW",406
1333100,1393010,1393010,0.04494,"Lilongwe","Malawi","w","MW",407
1379280,1392940,1392940,0.0099,"Adelaide","Australia","w","AU",408
1373800,1392280,1392280,0.01345,"Qom","Iran","w","IR",409
1388996,1389672,1389672,0.0005,"San Diego","United States","us","US",410
1378230,1388800,1388800,0.00767,"Suweon","South Korea","w","KR",411
1375980,1387920,1387920,0.00868,"Maceio","Brazil","w","BR",412
1347560,1387360,1387360,0.02953,"Freetown","Sierra Leone","w","SL",413
1355560,1385370,1385370,0.02199,"Yingkou","China","w","CN",414
1349990,1385210,1385210,0.02609,"Suzhou","China","w","CN",415
1348850,1381230,1381230,0.02401,"Tanger","Morocco","w","MA",416
1346020,1379560,1379560,0.02492,"Aligarh","India","w","IN",417
1352910,1375600,1375600,0.01677,"Ad-Dammam","Saudi Arabia","w","SA",418
1314920,1375220,1375220,0.04586,"Abomey-Calavi","Benin","w","BJ",419
1361990,1374630,1374630,0.00928,"Joinville","Brazil","w","BR",420
1335970,1369880,1369880,0.02538,"Moradabad","India","w","IN",421
1308470,1369430,1369430,0.04659,"Bukavu","DR Congo","w","CD",422
1334530,1364640,1364640,0.02256,"Pekan Baru","Indonesia","w","ID",423
1333930,1361880,1361880,0.02095,"Maoming","China","w","CN",424
1300990,1361840,1361840,0.04677,"Nnewi","Nigeria","w","NG",425
1320780,1354930,1354930,0.02586,"Jieyang","China","w","CN",426
1346810,1354890,1354890,0.006,"Helsinki","Finland","w","FI",427
1324110,1352560,1352560,0.02149,"Astana","Kazakhstan","w","KZ",428
1277050,1350150,1350150,0.05724,"Bujumbura","Burundi","w","BI",429
1316460,1345720,1345720,0.02223,"Mysore","India","w","IN",430
1314780,1344890,1344890,0.0229,"Ruian","China","w","CN",431
1313310,1336960,1336960,0.01801,"Fes","Morocco","w","MA",432
1329300,1334200,1334200,0.00369,"Porto","Portugal","w","PT",433
1317280,1332270,1332270,0.01138,"Fushun Liaoning","China","w","CN",434
1327950,1331940,1331940,0.003,"Prague","Czech Republic","w","CZ",435
1312630,1330500,1330500,0.01361,"Port Elizabeth","South Africa","w","ZA",436
1296060,1329990,1329990,0.02618,"Jinhua","China","w","CN",437
1287950,1329830,1329830,0.03252,"Kigali","Rwanda","w","RW",438
1309370,1324800,1324800,0.01178,"Ahvaz","Iran","w","IR",439
1309900,1323850,1323850,0.01065,"Florianopolis","Brazil","w","BR",440
1289250,1320910,1320910,0.02456,"Bhubaneswar","India","w","IN",441
1290230,1317340,1317340,0.02101,"Baoji","China","w","CN",442
1289670,1315330,1315330,0.0199,"Durg-Bhilainagar","India","w","IN",443
1285750,1312850,1312850,0.02108,"Pingdingshan Henan","China","w","CN",444
1292130,1310720,1310720,0.01439,"San Luis Potosi","Mexico","w","MX",445
1272870,1309840,1309840,0.02904,"Liupanshui","China","w","CN",446
1282760,1309420,1309420,0.02078,"Puning","China","w","CN",447
1279540,1305090,1305090,0.01997,"Chifeng","China","w","CN",448
1302753,1302638,1302638,-0.0001,"Dallas","United States","us","US",449
1266790,1301130,1301130,0.02711,"Islamabad","Pakistan","w","PK",450
1296230,1299580,1299580,0.00258,"Kazan","Russia","w","RU",451
1277240,1299480,1299480,0.01741,"Zhuzhou","China","w","CN",452
1275400,1299130,1299130,0.01861,"Zhenjiang Jiangsu","China","w","CN",453
1284550,1299110,1299110,0.01133,"Dublin","Ireland","w","IE",454
1258120,1297900,1297900,0.03162,"Tasikmalaya","Indonesia","w","ID",455
1264860,1291440,1291440,0.02101,"Huaibei","China","w","CN",456
1240160,1288560,1288560,0.03903,"Xiongan","China","w","CN",457
1287540,1286460,1286460,-0.00084,"Sofia","Bulgaria","w","BG",458
1253230,1286000,1286000,0.02615,"Da Nang","Vietnam","w","VN",459
1247180,1282270,1282270,0.02814,"Pizhou","China","w","CN",460
1267870,1281730,1281730,0.01093,"Barquisimeto","Venezuela","w","VE",461
1256160,1281010,1281010,0.01978,"Bogor","Indonesia","w","ID",462
1241150,1278770,1278770,0.03031,"Luohe","China","w","CN",463
1230410,1274780,1274780,0.03606,"Aba","Nigeria","w","NG",464
1250300,1274630,1274630,0.01946,"Nanyang Henan","China","w","CN",465
1249380,1273560,1273560,0.01935,"Xiangtan Hunan","China","w","CN",466
1256550,1270320,1270320,0.01096,"Maracay","Venezuela","w","VE",467
1244980,1269900,1269900,0.02002,"Tiruchirappalli","India","w","IN",468
1225590,1268080,1268080,0.03467,"Bazhong","China","w","CN",469
1239700,1266010,1266010,0.02122,"Chandigarh","India","w","IN",470
1233580,1263650,1263650,0.02438,"Binzhou","China","w","CN",471
1238380,1260660,1260660,0.01799,"Jinzhou","China","w","CN",472
1221450,1259940,1259940,0.03151,"Kaduna","Nigeria","w","NG",473
1239650,1258230,1258230,0.01499,"Merida","Mexico","w","MX",474
1237550,1258120,1258120,0.01662,"Benxi","China","w","CN",475
1242320,1257180,1257180,0.01196,"Mendoza","Argentina","w","AR",476
1221500,1253110,1253110,0.02588,"Quetta","Pakistan","w","PK",477
1250300,1249760,1249760,-0.00043,"Nizhniy Novgorod","Russia","w","RU",478
1243880,1246210,1246210,0.00187,"Chelyabinsk","Russia","w","RU",479
1228770,1244190,1244190,0.01255,"Chiang Mai","Thailand","w","TH",480
1185050,1243530,1243530,0.04935,"Bobo-Dioulasso","Burkina Faso","w","BF",481
1207860,1242490,1242490,0.02867,"Saharanpur","India","w","IN",482
1218070,1238950,1238950,0.01714,"Guilin","China","w","CN",483
1205430,1231020,1231020,0.02123,"Hubli-Dharwad","India","w","IN",484
1193250,1230070,1230070,0.03086,"Maputo","Mozambique","w","MZ",485
1201400,1229960,1229960,0.02377,"Yueqing","China","w","CN",486
1176620,1227620,1227620,0.04334,"Hargeysa","Somalia","w","SO",487
1199460,1224170,1224170,0.0206,"Guwahati","India","w","IN",488
1194760,1220710,1220710,0.02172,"Salem","India","w","IN",489
1196980,1215000,1215000,0.01505,"Mexicali","Mexico","w","MX",490
1186230,1210200,1210200,0.02021,"Bandar Lampung","Indonesia","w","ID",491
1181020,1203890,1203890,0.01936,"Shimkent","Kazakhstan","w","KZ",492
1192440,1203390,1203390,0.00918,"Tripoli","Libya","w","LY",493
1186480,1199980,1199980,0.01138,"Haifa","Israel","w","IL",494
1145220,1196820,1196820,0.04506,"Ikorodu","Nigeria","w","NG",495
1179300,1196770,1196770,0.01481,"Aguascalientes","Mexico","w","MX",496
1159370,1191400,1191400,0.02763,"Siliguri","India","w","IN",497
1181820,1189200,1189200,0.00624,"Amsterdam","Netherlands","w","NL",498
1131230,1185920,1185920,0.04835,"Tshikapa","DR Congo","w","CD",499
1159260,1184900,1184900,0.02212,"Wenling","China","w","CN",500
1180680,1180820,1180820,0.00012,"Omsk","Russia","w","RU",501
1160840,1180750,1180750,0.01715,"Xinxiang","China","w","CN",502
1173100,1177840,1177840,0.00404,"Krasnoyarsk","Russia","w","RU",503
1143000,1174750,1174750,0.02778,"Bien Hoa","Vietnam","w","VN",504
1146340,1170240,1170240,0.02085,"Fuyang","China","w","CN",505
1150860,1168490,1168490,0.01532,"Zaozhuang","China","w","CN",506
1142680,1167600,1167600,0.02181,"Jalandhar","India","w","IN",507
1140260,1165590,1165590,0.02221,"Ma'anshan","China","w","CN",508
1142540,1163590,1163590,0.01842,"Panjin","China","w","CN",509
1131720,1159940,1159940,0.02494,"Fuzhou Jiangxi","China","w","CN",510
1119530,1159780,1159780,0.03595,"Sekondi Takoradi","Ghana","w","GH",511
1122040,1159390,1159390,0.03329,"Yichun Jiangxi","China","w","CN",512
1147970,1157920,1157920,0.00867,"Yongin","South Korea","w","KR",513
1140170,1156360,1156360,0.0142,"Cuernavaca","Mexico","w","MX",514
1128180,1154760,1154760,0.02356,"Samarinda","Indonesia","w","ID",515
1116190,1154410,1154410,0.03424,"Aden","Yemen","w","YE",516
1154450,1153710,1153710,-0.00064,"Samara","Russia","w","RU",517
1130890,1153600,1153600,0.02008,"Shangrao","China","w","CN",518
1135340,1153540,1153540,0.01603,"Chihuahua","Mexico","w","MX",519
1149010,1153230,1153230,0.00367,"Cologne","Germany","w","DE",520
1111750,1152180,1152180,0.03637,"Asmara","Eritrea","w","ER",521
1127720,1151220,1151220,0.02084,"Bishkek","Kyrgyzstan","w","KG",522
1119790,1150530,1150530,0.02745,"Chenzhou","China","w","CN",523
1127600,1150480,1150480,0.02029,"Zhaoqing","China","w","CN",524
1146790,1148400,1148400,0.0014,"Ufa","Russia","w","RU",525
1101310,1145590,1145590,0.04021,"Nyala","Sudan","w","SD",526
1116500,1142870,1142870,0.02362,"Leshan","China","w","CN",527
1139640,1140390,1140390,0.00066,"Rostov-on-Don","Russia","w","RU",528
1108360,1133630,1133630,0.0228,"Dezhou","China","w","CN",529
1123380,1132420,1132420,0.00805,"San Salvador","El Salvador","w","SV",530
1113330,1128360,1128360,0.0135,"Diyarbakir","Turkey","w","TR",531
1100390,1128190,1128190,0.02526,"Kirkuk","Iraq","w","IQ",532
1107000,1127520,1127520,0.01854,"Johor Bahru","Malaysia","w","MY",533
1108070,1126220,1126220,0.01638,"Jingzhou Hubei","China","w","CN",534
1093690,1123540,1123540,0.02729,"Changshu","China","w","CN",535
1114080,1121440,1121440,0.00661,"Goyang","South Korea","w","KR",536
1107120,1120900,1120900,0.01245,"Managua","Nicaragua","w","NI",537
1101610,1117360,1117360,0.0143,"Kermanshah","Iran","w","IR",538
1091740,1117100,1117100,0.02323,"Xuchang","China","w","CN",539
1100870,1115580,1115580,0.01336,"Oslo","Norway","w","NO",540
1091810,1114370,1114370,0.02066,"Huzhou","China","w","CN",541
1070620,1114090,1114090,0.0406,"Blantyre-Limbe","Malawi","w","MW",542
1088130,1108180,1108180,0.01843,"Solapur","India","w","IN",543
1096460,1105540,1105540,0.00828,"Cartagena","Colombia","w","CO",544
1097540,1100240,1100240,0.00246,"Yerevan","Armenia","w","AM",545
1063710,1099960,1099960,0.03408,"Ilorin","Nigeria","w","NG",546
1084820,1099040,1099040,0.01311,"Mersin","Turkey","w","TR",547
1075240,1097310,1097310,0.02053,"Denpasar","Indonesia","w","ID",548
1066900,1092200,1092200,0.02371,"Qujing","China","w","CN",549
1085200,1091590,1091590,0.00589,"Lille","France","w","FR",550
1084470,1087020,1087020,0.00235,"Tbilisi","Georgia","w","GE",551
1055920,1086960,1086960,0.0294,"Guiping","China","w","CN",552
1083720,1086000,1086000,0.0021,"Voronezh","Russia","w","RU",553
1084120,1085990,1085990,0.00172,"Perm","Russia","w","RU",554
1067170,1085330,1085330,0.01702,"Marrakech","Morocco","w","MA",555
1070120,1081930,1081930,0.01104,"Aracaju","Brazil","w","BR",556
1055600,1080490,1080490,0.02358,"Warangal","India","w","IN",557
1070750,1080180,1080180,0.00881,"Toulouse","France","w","FR",558
1064170,1079980,1079980,0.01486,"Yueyang","China","w","CN",559
1034500,1078650,1078650,0.04268,"Hamah","Syria","w","SY",560
1062570,1077740,1077740,0.01428,"Tampico","Mexico","w","MX",561
1031420,1076120,1076120,0.04334,"Warri","Nigeria","w","NG",562
1049490,1073060,1073060,0.02246,"Xintai","China","w","CN",563
1052850,1072560,1072560,0.01872,"Padang","Indonesia","w","ID",564
1059660,1068550,1068550,0.00839,"Teresina","Brazil","w","BR",565
1050320,1066100,1066100,0.01502,"Saltillo","Mexico","w","MX",566
1045000,1065400,1065400,0.01952,"Cancun","Mexico","w","MX",567
1061090,1064870,1064870,0.00356,"Antwerp","Belgium","w","BE",568
1022920,1063680,1063680,0.03985,"Owerri","Nigeria","w","NG",569
1042610,1061620,1061620,0.01823,"Cebu City","Philippines","w","PH",570
1012580,1057290,1057290,0.04415,"Nampula","Mozambique","w","MZ",571
1055370,1056980,1056980,0.00153,"Changwon","South Korea","w","KR",572
1024520,1052320,1052320,0.02713,"Chengde","China","w","CN",573
1039230,1051040,1051040,0.01136,"San Miguel de Tucuman","Argentina","w","AR",574
1003020,1047810,1047810,0.04466,"Lubango","Angola","w","AO",575
1032770,1046710,1046710,0.0135,"Acapulco de Juarez","Mexico","w","MX",576
1019600,1045070,1045070,0.02498,"Zhucheng","China","w","CN",577
1013190,1043580,1043580,0.02999,"Leiyang","China","w","CN",578
1021580,1042120,1042120,0.02011,"Pingxiang Jiangxi","China","w","CN",579
1016400,1041060,1041060,0.02426,"Dehradun","India","w","IN",580
1012790,1039900,1039900,0.02677,"Dushanbe","Tajikistan","w","TJ",581
1025510,1037250,1037250,0.01145,"Kayseri","Turkey","w","TR",582
1001160,1035090,1035090,0.03389,"Jos","Nigeria","w","NG",583
1011120,1034680,1034680,0.0233,"Misratah","Libya","w","LY",584
1008220,1034200,1034200,0.02577,"San Pedro Sula","Honduras","w","HN",585
999374,1032980,1032980,0.03363,"Sylhet","Bangladesh","w","BD",586
1009730,1031440,1031440,0.0215,"Laiwu","China","w","CN",587
1017780,1030550,1030550,0.01255,"Songkhla","Thailand","w","TH",588
1013670,1026390,1026390,0.01255,"Nonthaburi","Thailand","w","TH",589
1021920,1026250,1026250,0.00424,"Rotterdam","Netherlands","w","NL",590
1008990,1024970,1024970,0.01584,"Jixi Heilongjiang","China","w","CN",591
1016580,1024430,1024430,0.00772,"Valparaiso","Chile","w","CL",592
1004250,1024430,1024430,0.02009,"Jiujiang","China","w","CN",593
1009590,1018070,1018070,0.0084,"Bordeaux","France","w","FR",594
987814,1017660,1017660,0.03021,"Najaf","Iraq","w","IQ",595
1010550,1017530,1017530,0.00691,"Krasnodar","Russia","w","RU",596
998146,1017030,1017030,0.01892,"Agadir","Morocco","w","MA",597
1002460,1016230,1016230,0.01374,"Morelia","Mexico","w","MX",598
985965,1016150,1016150,0.03061,"Bangui","Central African Republic","w","CF",599
996756,1015045,1015045,0.0184,"Fort Worth","United States","us","US",600
990310,1011500,1011500,0.0214,"Guigang","China","w","CN",601
974518,1009450,1009450,0.03585,"Taiz","Yemen","w","YE",602
992414,1009260,1009260,0.01697,"Mudanjiang","China","w","CN",603
983694,1008750,1008750,0.02547,"Hengshui","China","w","CN",604
997164,1008485,1008485,0.0114,"Jacksonville","United States","us","US",605
983707,1007020,1007020,0.0237,"Rajshahi","Bangladesh","w","BD",606
1007600,1006700,1006700,-0.00089,"Odesa","Ukraine","w","UA",607
979303,1003580,1003580,0.02479,"Xinyu","China","w","CN",608
978614,1002710,1002710,0.02462,"Linfen","China","w","CN",609
980054,1002450,1002450,0.02285,"Zhangzhou","China","w","CN",610
978317,1000720,1000720,0.0229,"Tianmen","China","w","CN",611
970907,1000410,1000410,0.03039,"Liling","China","w","CN",612
983097,996732,996732,0.01387,"Jerusalem","Israel","w","IL",613
976606,995970,995970,0.01983,"Yangjiang","China","w","CN",614
977081,995027,995027,0.01837,"Zamboanga City","Philippines","w","PH",615
993352,992268,992268,-0.00109,"Volgograd","Russia","w","RU",616
978202,991388,991388,0.01348,"Ciudad Guayana","Venezuela","w","VE",617
947634,990695,990695,0.04544,"Cabinda","Angola","w","AO",618
947460,990439,990439,0.04536,"Umuahia","Nigeria","w","NG",619
968288,989859,989859,0.02228,"Antipolo","Philippines","w","PH",620
984567,989252,989252,0.0048,"Austin","United States","us","US",621
963160,985078,985078,0.02276,"Deyang","China","w","CN",622
971296,983715,983715,0.01279,"Arequipa","Peru","w","PE",623
967627,983121,983121,0.01601,"Reynosa","Mexico","w","MX",624
956976,983008,983008,0.0272,"Baishan","China","w","CN",625
959250,982563,982563,0.0243,"Jiangyin","China","w","CN",626
972485,981688,981688,0.00946,"Cucuta","Colombia","w","CO",627
944877,981223,981223,0.03847,"Bogra","Bangladesh","w","BD",628
968070,981069,981069,0.01343,"Veracruz","Mexico","w","MX",629
965483,980200,980200,0.01524,"Khulna","Bangladesh","w","BD",630
959784,975189,975189,0.01605,"Bengbu","China","w","CN",631
962126,974195,974195,0.01254,"Pathum Thani","Thailand","w","TH",632
958118,972373,972373,0.01488,"Villahermosa","Mexico","w","MX",633
944812,970074,970074,0.02674,"Bahawalpur","Pakistan","w","PK",634
959202,966741,966741,0.00786,"Southampton","United Kingdom","w","GB",635
950768,966494,966494,0.01654,"Oran","Algeria","w","DZ",636
940205,962403,962403,0.02361,"Guntur","India","w","IN",637
947734,961625,961625,0.01466,"West Rand","South Africa","w","ZA",638
951808,956195,956195,0.00461,"Nice","France","w","FR",639
930620,949309,949309,0.02008,"Changzhi","China","w","CN",640
933392,948572,948572,0.01626,"Malang","Indonesia","w","ID",641
932648,947488,947488,0.01591,"Dandong","China","w","CN",642
929961,944348,944348,0.01547,"Hermosillo","Mexico","w","MX",643
924670,943921,943921,0.02082,"Bhiwandi","India","w","IN",644
942159,943458,943458,0.00138,"Seongnam","South Korea","w","KR",645
934936,943313,943313,0.00896,"Campo Grande","Brazil","w","BR",646
956433,943212,943212,-0.0138,"San Jose","United States","us","US",647
932892,942459,942459,0.01026,"Londrina","Brazil","w","BR",648
918218,941758,941758,0.02564,"Firozabad","India","w","IN",649
921601,941130,941130,0.02119,"Ashgabat","Turkmenistan","w","TM",650
919280,940911,940911,0.02353,"Puducherry","India","w","IN",651
917639,940560,940560,0.02498,"Erbil","Iraq","w","IQ",652
919026,938279,938279,0.02095,"Changde","China","w","CN",653
915823,935079,935079,0.02103,"Shangqiu","China","w","CN",654
923164,935017,935017,0.0128,"Charlotte","United States","us","US",655
906765,934011,934011,0.03005,"Kuerle","China","w","CN",656
923715,933193,933193,0.01026,"La Plata","Argentina","w","AR",657
916238,931630,931630,0.0168,"Liaoyang","China","w","CN",658
936766,931255,931255,-0.00588,"Dnipro","Ukraine","w","UA",659
885882,931092,931092,0.05103,"Lokoja","Nigeria","w","NG",660
901820,931015,931015,0.03237,"Cherthala","India","w","IN",661
902621,929772,929772,0.03008,"Quzhou","China","w","CN",662
920916,929357,929357,0.00917,"Concepcion","Chile","w","CL",663
916632,929188,929188,0.0137,"Trujillo","Peru","w","PE",664
922871,928997,928997,0.00664,"Liverpool","United Kingdom","w","GB",665
913075,927758,927758,0.01608,"Tuxtla Gutierrez","Mexico","w","MX",666
916862,926519,926519,0.01053,"Tyumen","Russia","w","RU",667
918675,923221,923221,0.00495,"Bergamo","Italy","w","IT",668
904070,921011,921011,0.01874,"Xingtai","China","w","CN",669
905868,919748,919748,0.01532,"Soshanguve","South Africa","w","ZA",670
903910,918494,918494,0.01613,"Culiacan","Mexico","w","MX",671
915427,917679,917679,0.0025,"Columbus","United States","us","US",672
914300,916236,916236,0.00212,"Ulsan","South Korea","w","KR",673
893107,908873,908873,0.01765,"Huangshi","China","w","CN",674
875552,906658,906658,0.03553,"Enugu","Nigeria","w","NG",675
883326,904031,904031,0.02344,"Yongzhou","China","w","CN",676
889767,903628,903628,0.01558,"Fuxin","China","w","CN",677
882986,902334,902334,0.02191,"Xinghua","China","w","CN",678
856339,900351,900351,0.0514,"Bunia","DR Congo","w","CD",679
883920,899225,899225,0.01731,"Libreville","Gabon","w","GA",680
870201,898535,898535,0.03256,"Maiduguri","Nigeria","w","NG",681
881480,897493,897493,0.01817,"Yibin","China","w","CN",682
884753,897262,897262,0.01414,"Hufuf-Mubarraz","Saudi Arabia","w","SA",683
869575,892519,892519,0.02639,"Huaihua","China","w","CN",684
873268,890375,890375,0.01959,"Xinyang","China","w","CN",685
869479,887939,887939,0.02123,"Xiaogan","China","w","CN",686
872424,887711,887711,0.01752,"Ipoh","Malaysia","w","MY",687
869585,886584,886584,0.01955,"Yangquan","China","w","CN",688
853635,885396,885396,0.03721,"Kottayam","India","w","IN",689
870714,884046,884046,0.01531,"Luzhou","China","w","CN",690
870502,881897,881897,0.01309,"Banghazi","Libya","w","LY",691
875392,880865,880865,0.00625,"Tainan","Taiwan","w","TW",692
858672,878063,878063,0.02258,"Tianshui","China","w","CN",693
843207,878004,878004,0.04127,"Benguela","Angola","w","AO",694
854946,877072,877072,0.02588,"Bozhou","China","w","CN",695
882209,876063,876063,-0.00697,"Donetsk","Ukraine","w","UA",696
876665,874037,874037,-0.003,"Indianapolis","United States","us","US",697
835850,873982,873982,0.04562,"Zanzibar","Tanzania","w","TZ",698
851399,873638,873638,0.02612,"Kunshan","China","w","CN",699
852608,869441,869441,0.01974,"Zhuji","China","w","CN",700
841928,863282,863282,0.02536,"Jincheng","China","w","CN",701
822471,861380,861380,0.04731,"Malanje","Angola","w","AO",702
848002,860518,860518,0.01476,"Eskisehir","Turkey","w","TR",703
848443,860169,860169,0.01382,"Orumiyeh","Iran","w","IR",704
837660,858853,858853,0.0253,"Nellore","India","w","IN",705
851061,858207,858207,0.0084,"Quebec City","Canada","w","CA",706
849251,857367,857367,0.00956,"Winnipeg","Canada","w","CA",707
835802,853869,853869,0.02162,"Bikaner","India","w","IN",708
838928,851474,851474,0.01495,"Heze","China","w","CN",709
829361,851392,851392,0.02656,"Zhumadian","China","w","CN",710
850233,851282,851282,0.00123,"Palermo","Italy","w","IT",711
836344,851156,851156,0.01771,"Huludao","China","w","CN",712
830623,848379,848379,0.02138,"Taixing","China","w","CN",713
834639,848129,848129,0.01616,"Haicheng","China","w","CN",714
821765,847608,847608,0.03145,"Anqiu","China","w","CN",715
810149,847350,847350,0.04592,"Ibb","Yemen","w","YE",716
831360,846841,846841,0.01862,"Gebze","Turkey","w","TR",717
823199,846517,846517,0.02833,"Sulaimaniya","Iraq","w","IQ",718
827967,846438,846438,0.02231,"Langfang","China","w","CN",719
830004,845854,845854,0.0191,"Liaocheng","China","w","CN",720
835805,845827,845827,0.01199,"Barcelona Puerto La Cruz","Venezuela","w","VE",721
821154,841911,841911,0.02528,"Gaomi","China","w","CN",722
839770,841354,841354,0.00189,"Valencia","Spain","w","ES",723
818761,839309,839309,0.0251,"Hanchuan","China","w","CN",724
820886,839131,839131,0.02223,"Dasmarinas","Philippines","w","PH",725
813379,838870,838870,0.03134,"Kayamkulam","India","w","IN",726
820297,837650,837650,0.02115,"Cagayan de Oro City","Philippines","w","PH",727
818037,837335,837335,0.02359,"Meishan","China","w","CN",728
837687,837323,837323,-0.00043,"Saratov","Russia","w","RU",729
814491,836997,836997,0.02763,"Muzaffarnagar","India","w","IN",730
822863,834581,834581,0.01424,"Xalapa","Mexico","w","MX",731
828712,834242,834242,0.00667,"Newcastle upon Tyne","United Kingdom","w","GB",732
815869,831689,831689,0.01939,"Ar-Rayyan","Qatar","w","QA",733
810450,829276,829276,0.02323,"Danyang","China","w","CN",734
821435,829049,829049,0.00927,"Sorocaba","Brazil","w","BR",735
793545,828008,828008,0.04343,"Merca","Somalia","w","SO",736
826919,827603,827603,0.00083,"Bucheon","South Korea","w","KR",737
808263,824965,824965,0.02066,"Amravati","India","w","IN",738
792350,823625,823625,0.03947,"Kitwe","Zambia","w","ZM",739
800636,823407,823407,0.02844,"Gaza","Palestine","w","PS",740
795808,822497,822497,0.03354,"Oshogbo","Nigeria","w","NG",741
811446,821187,821187,0.012,"Nakhon Ratchasima","Thailand","w","TH",742
808079,820064,820064,0.01483,"Jiaozuo","China","w","CN",743
781875,819854,819854,0.04857,"Goma","DR Congo","w","CD",744
813078,819334,819334,0.00769,"Nottingham","United Kingdom","w","GB",745
816848,819297,819297,0.003,"Bologna","Italy","w","IT",746
801634,816586,816586,0.01865,"Gorakhpur","India","w","IN",747
814980,815472,815472,0.0006,"Thessaloniki","Greece","w","GR",748
795777,813794,813794,0.02264,"Linhai","China","w","CN",749
791839,813599,813599,0.02748,"Yan'an","China","w","CN",750
802900,812913,812913,0.01247,"Vereeniging","South Africa","w","ZA",751
794143,812244,812244,0.02279,"Erduosi-Ordoss","China","w","CN",752
795987,811560,811560,0.01956,"Anqing","China","w","CN",753
786197,809652,809652,0.02983,"Zaria","Nigeria","w","NG",754
792925,808111,808111,0.01915,"Bur Sa'id","Egypt","w","EG",755
794279,805079,805079,0.0136,"Shaoguan","China","w","CN",756
789558,804914,804914,0.01945,"Cuttack","India","w","IN",757
783041,804189,804189,0.02701,"Dengzhou","China","w","CN",758
800529,803758,803758,0.00403,"Frankfurt","Germany","w","DE",759
773141,803062,803062,0.0387,"Akure","Nigeria","w","NG",760
783020,799729,799729,0.02134,"Belgaum","India","w","IN",761
781925,799708,799708,0.02274,"Malegaon","India","w","IN",762
785125,799706,799706,0.01857,"Banjarmasin","Indonesia","w","ID",763
775455,797302,797302,0.02817,"Tirupati","India","w","IN",764
777193,797246,797246,0.0258,"Yuncheng","China","w","CN",765
774356,795748,795748,0.02763,"Yuxi","China","w","CN",766
795916,793974,793974,-0.00244,"Niigata","Japan","w","JP",767
786843,793083,793083,0.00793,"Hamilton","Canada","w","CA",768
775672,792664,792664,0.02191,"Yanji","China","w","CN",769
779684,791579,791579,0.01526,"Zigong","China","w","CN",770
776404,790986,790986,0.01878,"Shaoyang","China","w","CN",771
778628,790694,790694,0.0155,"Qingyuan","China","w","CN",772
775097,789918,789918,0.01912,"Maturin","Venezuela","w","VE",773
770962,789386,789386,0.0239,"Sialkot","Pakistan","w","PK",774
772756,788345,788345,0.02017,"Tongliao","China","w","CN",775
757823,788238,788238,0.04013,"Nay Pyi Taw","Myanmar","w","MM",776
770032,786000,786000,0.02074,"Tongling","China","w","CN",777
767532,785116,785116,0.02291,"Dazhou","China","w","CN",778
759157,784856,784856,0.03385,"Al-Hudaydah","Yemen","w","YE",779
757506,784420,784420,0.03553,"Tamale","Ghana","w","GH",780
768512,784261,784261,0.02049,"Wuzhou","China","w","CN",781
765887,780842,780842,0.01953,"Suining Sichuan","China","w","CN",782
763312,778685,778685,0.02014,"Mangalore","India","w","IN",783
753708,778052,778052,0.0323,"Amara","Iraq","w","IQ",784
751297,777336,777336,0.03466,"Huambo","Angola","w","AO",785
755752,775312,775312,0.02588,"Zhangjiagang","China","w","CN",786
757915,775091,775091,0.02266,"Sargodha","Pakistan","w","PK",787
757035,774229,774229,0.02271,"Bacoor","Philippines","w","PH",788
761903,774118,774118,0.01603,"Jiamusi","China","w","CN",789
756344,773030,773030,0.02206,"Dongtai","China","w","CN",790
755577,772996,772996,0.02305,"Nanded Waghala","India","w","IN",791
768822,771029,771029,0.00287,"Ansan","South Korea","w","KR",792
769396,769375,769375,-0.00003,"Krakow","Poland","w","PL",793
788478,767968,767968,-0.026,"San Francisco","United States","us","US",794
736119,767534,767534,0.04268,"Lattakia","Syria","w","SY",795
751493,766887,766887,0.02048,"Bhavnagar","India","w","IN",796
745530,766403,766403,0.028,"Ankang","China","w","CN",797
754446,765748,765748,0.01498,"Xianyang Shaanxi","China","w","CN",798
745946,765324,765324,0.02598,"Kurnool","India","w","IN",799
746533,764938,764938,0.02465,"Taicang","China","w","CN",800
759915,764753,764753,0.0064,"Seattle","United States","us","US",801
757137,764500,764500,0.00972,"Sao Jose dos Campos","Brazil","w","BR",802
750036,761755,761755,0.01562,"Panzhihua","China","w","CN",803
734255,761331,761331,0.03688,"Sokoto","Nigeria","w","NG",804
725768,760857,760857,0.04835,"Uvira","DR Congo","w","CD",805
753392,758893,758893,0.0073,"Zarqa","Jordan","w","JO",806
744034,758680,758680,0.01968,"Yuyao","China","w","CN",807
738444,757989,757989,0.02647,"Cotonou","Benin","w","BJ",808
749054,757765,757765,0.01163,"Rasht","Iran","w","IR",809
750174,757604,757604,0.0099,"Ribeirao Preto","Brazil","w","BR",810
746747,757292,757292,0.01412,"Oaxaca de Juarez","Mexico","w","MX",811
751303,756783,756783,0.00729,"Sheffield","United Kingdom","w","GB",812
745855,756507,756507,0.01428,"Buffalo City","South Africa","w","ZA",813
737750,755941,755941,0.02466,"Vientiane","Laos","w","LA",814
742162,754296,754296,0.01635,"Yulin Shaanxi","China","w","CN",815
739198,753877,753877,0.01986,"Bali","Indonesia","w","ID",816
724172,752910,752910,0.03968,"Herat","Afghanistan","w","AF",817
740316,752672,752672,0.01669,"Longyan","China","w","CN",818
742600,752570,752570,0.01343,"Gold Coast","Australia","w","AU",819
735118,751802,751802,0.0227,"Gulbarga","India","w","IN",820
738250,751521,751521,0.01798,"Jammu","India","w","IN",821
728448,751457,751457,0.03159,"Miluo","China","w","CN",822