POA,Population (2006),Population (2011),Population (2016),Population (2021)
3000,9439.0,13257.0,22911.0,34456.0
3002,2845.0,2908.0,2960.0,3477.0
3003,1326.0,1773.0,2669.0,5203.0
3004,3659.0,4892.0,5829.0,8171.0
3005,294.0,412.0,285.0,
3006,5886.0,7115.0,11618.0,17514.0
3008,2576.0,3563.0,6226.0,10836.0
3010,32.0,35.0,20.0,
3011,7386.0,8425.0,10132.0,12321.0
3012,9226.0,10176.0,11437.0,12358.0
3013,5772.0,6079.0,6401.0,6844.0
3015,6716.0,7098.0,7381.0,7778.0
3016,6205.0,6360.0,6670.0,7133.0
3018,5313.0,5539.0,5967.0,6318.0
3019,2738.0,3092.0,3466.0,3973.0
3020,14626.0,15328.0,16791.0,17636.0
3021,18500.0,18945.0,19759.0,20584.0
3022,1117.0,1185.0,1260.0,1348.0
3023,12491.0,18756.0,20605.0,21600.0
3024,4037.0,6634.0,8269.0,11608.0
3025,4367.0,4576.0,4902.0,5348.0
3026,239.0,75.0,62.0,2570.0
3027,59.0,1224.0,2256.0,3186.0
3028,10776.0,10839.0,11388.0,11736.0
3029,16363.0,24213.0,30708.0,42163.0
3030,20507.0,29009.0,36245.0,43583.0
3031,8111.0,8557.0,8947.0,9452.0
3032,9607.0,11136.0,13094.0,14387.0
3033,5009.0,5255.0,5673.0,5956.0
3034,4241.0,4389.0,4623.0,4911.0
3036,2199.0,2248.0,2318.0,2349.0
3037,12785.0,15223.0,16434.0,16928.0
3038,9209.0,9347.0,9479.0,9580.0
3039,5702.0,5971.0,6368.0,8090.0
3040,9858.0,10165.0,11199.0,12189.0
3041,4239.0,4453.0,4967.0,5411.0
3042,5985.0,6247.0,6896.0,7448.0
3043,6832.0,7170.0,7409.0,7572.0
3044,9751.0,10328.0,11421.0,12317.0
3045,6.0,35.0,9.0,14.0
3046,11873.0,12618.0,13968.0,15636.0
3047,6491.0,6742.0,7317.0,7823.0
3048,5473.0,5592.0,5772.0,6000.0
3049,3089.0,3266.0,3546.0,3872.0
3050,3.0,,3.0,
3051,5116.0,5975.0,7539.0,8841.0
3052,1536.0,1923.0,2450.0,2858.0
3053,6885.0,7784.0,10217.0,10395.0
3054,4062.0,4083.0,4090.0,4138.0
3055,6113.0,6385.0,6964.0,7885.0
3056,9973.0,10730.0,11772.0,13095.0
3057,3467.0,4107.0,5994.0,7498.0
3058,12467.0,13055.0,14067.0,14969.0
3059,3293.0,3568.0,4867.0,6762.0
3060,4563.0,4789.0,5135.0,5415.0
3061,1826.0,1854.0,1798.0,1828.0
3062,0.0,0.0,0.0,10.0
3063,,235.0,195.0,203.0
3064,12243.0,16800.0,23125.0,35876.0
3065,4329.0,4726.0,5226.0,6040.0
3066,3042.0,3440.0,4665.0,5653.0
3067,2126.0,2290.0,4403.0,5691.0
3068,7920.0,8288.0,8972.0,9512.0
3070,9985.0,10242.0,10975.0,11628.0
3071,8026.0,8215.0,8665.0,9148.0
3072,11764.0,12517.0,14251.0,15684.0
3073,19512.0,20438.0,21846.0,23183.0
3074,7271.0,7495.0,7884.0,8188.0
3075,6968.0,7358.0,8338.0,8740.0
3076,6547.0,9149.0,11275.0,11939.0
3078,4225.0,4605.0,5109.0,5692.0
3079,5944.0,6212.0,6786.0,7678.0
3081,5636.0,5847.0,5987.0,6551.0
3082,10172.0,10317.0,10578.0,10785.0
3083,9620.0,10647.0,12197.0,13025.0
3084,9591.0,10017.0,10575.0,11324.0
3085,4861.0,5398.0,5552.0,5669.0
3086,115.0,10.0,34.0,
3087,3540.0,3679.0,3724.0,3783.0
3088,9743.0,10176.0,10557.0,10806.0
3089,3367.0,3915.0,4136.0,4372.0
3090,650.0,644.0,749.0,793.0
3091,482.0,505.0,529.0,537.0
3093,1510.0,1531.0,1555.0,1597.0
3094,3329.0,3673.0,3723.0,3805.0
3095,9699.0,9777.0,10036.0,10269.0
3096,520.0,615.0,639.0,646.0
3097,366.0,477.0,488.0,518.0
3099,1643.0,1768.0,1807.0,1872.0
3101,9238.0,9881.0,10328.0,10630.0
3102,2501.0,2372.0,2611.0,2647.0
3103,6203.0,6235.0,6445.0,6846.0
3104,7470.0,7602.0,7598.0,7944.0
3105,4279.0,4417.0,4441.0,4636.0
3106,5656.0,5914.0,6108.0,6320.0
3107,5016.0,5110.0,5353.0,5559.0
3108,7328.0,7816.0,9254.0,11748.0
3109,10126.0,10416.0,11029.0,12255.0
3111,4231.0,4383.0,4615.0,4738.0
3113,2744.0,2935.0,2947.0,2960.0
3114,1129.0,1192.0,1221.0,1242.0
3115,1368.0,1243.0,1274.0,1300.0
3116,3349.0,3459.0,3753.0,4377.0
3121,12690.0,13467.0,15879.0,17971.0
3122,9595.0,10356.0,11578.0,11965.0
3123,5942.0,5967.0,6666.0,7715.0
3124,7611.0,7652.0,8703.0,9060.0
3125,4843.0,5315.0,6048.0,6722.0
3126,2867.0,3039.0,3100.0,3167.0
3127,7005.0,7100.0,7324.0,7752.0
3128,6926.0,7499.0,8726.0,11348.0
3129,6504.0,6615.0,7126.0,7408.0
3130,11822.0,12172.0,12877.0,13601.0
3131,8534.0,8810.0,9172.0,9627.0
3132,6083.0,6270.0,6808.0,7039.0
3133,7952.0,8097.0,8281.0,8533.0
3134,11775.0,12307.0,12931.0,14145.0
3135,7543.0,7945.0,8061.0,8316.0
3136,15849.0,16635.0,18252.0,19099.0
3137,4884.0,5208.0,5585.0,5922.0
3138,7084.0,7668.0,8250.0,8641.0
3139,4794.0,5163.0,5190.0,5370.0
3140,5459.0,6084.0,6631.0,7108.0
3141,10911.0,11643.0,15808.0,17644.0
3142,6938.0,6907.0,7087.0,7195.0
3143,4470.0,4561.0,4653.0,5418.0
3144,4330.0,4423.0,4942.0,5150.0
3145,8564.0,8778.0,9543.0,10770.0
3146,9615.0,10258.0,10495.0,11283.0
3147,5218.0,5371.0,5801.0,6063.0
3148,3068.0,3255.0,3625.0,4154.0
3149,12422.0,12809.0,13331.0,13887.0
3150,21651.0,21896.0,22699.0,24521.0
3151,3967.0,3959.0,4062.0,4485.0
3152,11237.0,11482.0,12380.0,13182.0
3153,7787.0,8216.0,8607.0,9055.0
3154,1481.0,1597.0,1683.0,1680.0
3155,8534.0,8910.0,9608.0,10241.0
3156,12743.0,13422.0,14374.0,14878.0
3158,2450.0,2625.0,2565.0,2575.0
3159,1187.0,913.0,954.0,949.0
3160,3374.0,3434.0,3461.0,3453.0
3161,6242.0,6395.0,6712.0,8087.0
3162,6724.0,6916.0,7280.0,7565.0
3163,13133.0,13750.0,14806.0,16370.0
3165,10057.0,10329.0,10916.0,11828.0
3166,8549.0,8931.0,9643.0,10772.0
3167,3415.0,3492.0,3638.0,3921.0
3168,6127.0,6594.0,8086.0,9196.0
3169,6685.0,7096.0,7582.0,8332.0
3170,6082.0,6754.0,7196.0,7409.0
3171,6867.0,7093.0,7490.0,8111.0
3172,7737.0,7967.0,8098.0,8155.0
3173,5841.0,6560.0,8459.0,9734.0
3174,13429.0,13986.0,14819.0,15459.0
3175,17392.0,18438.0,19893.0,20758.0
3177,3867.0,4047.0,4345.0,4663.0
3178,11180.0,11616.0,11699.0,12077.0
3179,2090.0,2117.0,2161.0,2214.0
3180,2474.0,2822.0,2914.0,3057.0
3181,9389.0,10234.0,11562.0,12473.0
3182,12315.0,13096.0,14802.0,16025.0
3183,9113.0,9308.0,9561.0,9859.0
3184,7989.0,8338.0,8826.0,9083.0
3185,5598.0,5737.0,5975.0,6599.0
3186,8785.0,9115.0,10381.0,10550.0
3187,6329.0,6406.0,6558.0,6771.0
3188,6743.0,6910.0,7681.0,8057.0
3189,2140.0,2262.0,2573.0,2799.0
3190,4242.0,4413.0,4669.0,5420.0
3191,3679.0,3899.0,4391.0,4921.0
3192,8596.0,8799.0,9661.0,10540.0
3193,7566.0,7736.0,8027.0,8204.0
3194,5266.0,5435.0,6105.0,6347.0
3195,12718.0,13846.0,14369.0,14948.0
3196,10104.0,10700.0,11508.0,12161.0
3197,4804.0,5107.0,5261.0,5462.0
3198,7408.0,7613.0,7981.0,8187.0
3199,22754.0,23484.0,24484.0,24913.0
3200,2449.0,2479.0,2552.0,2597.0
3201,6469.0,7464.0,8237.0,9019.0
3202,943.0,959.0,1032.0,1043.0
3204,11092.0,11527.0,12321.0,13829.0
3205,4941.0,5062.0,6249.0,7272.0
3206,5044.0,5059.0,5144.0,5102.0
3207,7121.0,8087.0,8824.0,9724.0
3211,294.0,513.0,498.0,481.0
3212,4779.0,5149.0,5971.0,6949.0
3213,,,1433.0,1679.0
3214,9853.0,10017.0,10546.0,10831.0
3215,8247.0,8710.0,9251.0,9803.0
3216,20081.0,21924.0,23345.0,24732.0
3217,220.0,417.0,2399.0,7599.0
3218,6046.0,6145.0,6597.0,7101.0
3219,8764.0,9181.0,9557.0,9731.0
3220,6986.0,7256.0,7843.0,8269.0
3221,2946.0,3436.0,264.0,297.0
3222,4576.0,5153.0,6479.0,8018.0
3223,5273.0,5915.0,6405.0,7523.0
3224,3290.0,4055.0,5839.0,6171.0
3225,3226.0,3392.0,3559.0,4167.0
3226,5818.0,6578.0,7391.0,8669.0
3227,2056.0,2456.0,2676.0,2843.0
3228,6121.0,7645.0,8911.0,10945.0
3230,2758.0,2851.0,2929.0,3015.0
3231,1462.0,1802.0,1776.0,1911.0
3232,1604.0,1749.0,1881.0,1770.0
3233,2236.0,2148.0,2314.0,2563.0
3234,,,489.0,518.0
3235,446.0,223.0,250.0,265.0
3236,104.0,170.0,153.0,165.0
3237,,314.0,194.0,184.0
3238,163.0,136.0,190.0,205.0
3239,332.0,250.0,268.0,271.0
3240,423.0,761.0,754.0,791.0
3241,981.0,1036.0,1172.0,1374.0
3242,319.0,369.0,420.0,461.0
3243,122.0,330.0,195.0,218.0
3249,1758.0,1234.0,1443.0,1525.0
3250,4988.0,5303.0,5610.0,5833.0
3251,105.0,338.0,244.0,279.0
3254,,159.0,131.0,144.0
3260,2287.0,2116.0,2282.0,2377.0
3264,1042.0,1089.0,1090.0,1090.0
3265,786.0,1065.0,1092.0,1171.0
3266,1486.0,1459.0,1368.0,1381.0
3267,,117.0,108.0,88.0
3268,1285.0,1075.0,1201.0,1181.0
3269,561.0,585.0,456.0,434.0
3270,272.0,279.0,336.0,363.0
3271,143.0,,98.0,98.0
3272,741.0,848.0,798.0,821.0
3273,,61.0,65.0,60.0
3274,207.0,178.0,112.0,129.0
3275,265.0,174.0,163.0,161.0
3276,261.0,191.0,205.0,196.0
3277,608.0,708.0,746.0,782.0
3278,163.0,159.0,116.0,139.0
3279,153.0,,102.0,107.0
3280,12171.0,13246.0,14420.0,15205.0
3281,160.0,608.0,623.0,672.0
3282,691.0,943.0,973.0,1061.0
3283,592.0,355.0,549.0,606.0
3284,1780.0,2043.0,2249.0,2395.0
3285,575.0,583.0,565.0,599.0
3286,387.0,310.0,302.0,291.0
3287,159.0,162.0,177.0,196.0
3289,373.0,324.0,400.0,423.0
3292,255.0,286.0,263.0,258.0
3293,146.0,161.0,164.0,207.0
3294,462.0,434.0,480.0,514.0
3300,4955.0,4862.0,4990.0,5104.0
3301,216.0,687.0,571.0,572.0
3302,201.0,241.0,193.0,192.0
3303,168.0,214.0,162.0,140.0
3304,1296.0,1190.0,1372.0,1383.0
3305,5670.0,6027.0,6316.0,6506.0
3309,,110.0,61.0,63.0
3310,211.0,196.0,141.0,161.0
3311,809.0,869.0,938.0,961.0
3312,617.0,472.0,538.0,539.0
3314,344.0,348.0,256.0,284.0
3315,894.0,881.0,871.0,903.0
3317,50.0,193.0,109.0,110.0
3318,786.0,560.0,731.0,725.0
3319,168.0,178.0,219.0,230.0
3321,485.0,460.0,578.0,635.0
3322,63.0,,92.0,101.0
3323,58.0,,56.0,57.0
3324,405.0,342.0,316.0,330.0
3325,367.0,314.0,265.0,273.0
3328,507.0,528.0,613.0,758.0
3329,,135.0,131.0,137.0
3330,126.0,215.0,101.0,113.0
3331,1196.0,1485.0,2106.0,2470.0
3332,308.0,341.0,374.0,424.0
3333,215.0,308.0,349.0,383.0
3334,211.0,240.0,262.0,280.0
3335,603.0,716.0,2193.0,2375.0
3336,,,,5409.0
3337,9459.0,12207.0,13674.0,15237.0
3338,4589.0,6338.0,8852.0,12917.0
3340,6052.0,7058.0,8320.0,10131.0
3341,530.0,622.0,640.0,635.0
3342,1504.0,1352.0,1505.0,1760.0
3345,437.0,522.0,475.0,576.0
3350,21949.0,23889.0,26787.0,29657.0
3351,2790.0,3273.0,3356.0,3718.0
3352,5324.0,5827.0,6256.0,7352.0
3355,5407.0,5914.0,6180.0,6315.0
3356,5249.0,6262.0,7345.0,7226.0
3357,887.0,1239.0,1412.0,1522.0
3358,,,,1253.0
3360,270.0,436.0,416.0,434.0
3361,332.0,475.0,357.0,373.0
3363,1303.0,1462.0,1598.0,1698.0
3364,780.0,950.0,999.0,1062.0
3370,790.0,878.0,929.0,1054.0
3371,627.0,610.0,585.0,668.0
3373,975.0,973.0,1166.0,1296.0
3374,,274.0,190.0,220.0
3375,90.0,129.0,95.0,100.0
3377,4181.0,3856.0,4240.0,4317.0
3378,,159.0,60.0,57.0
3379,463.0,315.0,418.0,423.0
3380,2767.0,2914.0,2967.0,3058.0
3381,1416.0,890.0,944.0,952.0
3384,267.0,445.0,299.0,300.0
3385,,282.0,262.0,276.0
3387,107.0,167.0,173.0,141.0
3388,290.0,277.0,277.0,296.0
3390,504.0,485.0,494.0,501.0
3391,69.0,130.0,88.0,85.0
3392,238.0,343.0,313.0,324.0
3393,1385.0,1353.0,1370.0,1402.0
3395,234.0,340.0,219.0,193.0
3396,300.0,308.0,391.0,399.0
3400,6155.0,6696.0,7033.0,7306.0
3401,1928.0,1989.0,1852.0,1972.0
3407,277.0,196.0,220.0,241.0
3409,522.0,540.0,501.0,521.0
3412,134.0,128.0,162.0,163.0
3413,53.0,131.0,132.0,117.0
3414,884.0,906.0,922.0,986.0
3415,,,18.0,20.0
3418,1426.0,1363.0,1426.0,1404.0
3419,493.0,516.0,431.0,478.0
3420,193.0,166.0,155.0,136.0
3423,337.0,364.0,308.0,334.0
3424,499.0,423.0,451.0,466.0
3427,888.0,939.0,1154.0,2300.0
3428,128.0,246.0,248.0,254.0
3429,11618.0,12969.0,14000.0,15413.0
3430,,185.0,126.0,125.0
3431,1015.0,1360.0,1457.0,1655.0
3432,,,82.0,78.0
3433,,106.0,77.0,77.0
3434,1852.0,1682.0,1944.0,2370.0
3435,956.0,1163.0,1228.0,1350.0
3437,2811.0,3258.0,3920.0,4308.0
3438,592.0,799.0,847.0,879.0
3440,720.0,775.0,795.0,789.0
3441,720.0,625.0,621.0,645.0
3442,2792.0,3103.0,3116.0,3598.0
3444,3826.0,4005.0,4295.0,4657.0
3446,252.0,270.0,497.0,520.0
3447,109.0,263.0,247.0,256.0
3448,337.0,335.0,444.0,491.0
3450,3358.0,3429.0,3587.0,3723.0
3451,2012.0,2144.0,2408.0,2768.0
3453,504.0,686.0,730.0,817.0
3458,793.0,1066.0,1211.0,1395.0
3460,1450.0,1831.0,1897.0,1996.0
3461,2445.0,2407.0,2617.0,2875.0
3462,588.0,559.0,626.0,689.0
3463,1299.0,1530.0,1414.0,1479.0
3464,313.0,499.0,499.0,511.0
3465,4552.0,4263.0,4853.0,5138.0
3467,638.0,669.0,632.0,678.0
3468,245.0,135.0,160.0,168.0
3469,149.0,250.0,157.0,165.0
3472,542.0,863.0,895.0,881.0
3475,296.0,209.0,243.0,283.0
3477,,232.0,455.0,455.0
3478,1892.0,1579.0,1378.0,1466.0
3480,848.0,812.0,899.0,911.0
3482,93.0,218.0,104.0,119.0
3483,493.0,347.0,447.0,480.0
3485,154.0,109.0,200.0,189.0
3487,61.0,,49.0,51.0
3488,,,63.0,56.0
3489,,,41.0,34.0
3490,708.0,576.0,731.0,700.0
3491,230.0,235.0,71.0,80.0
3494,201.0,343.0,351.0,342.0
3496,2440.0,2541.0,2742.0,2832.0
3498,2146.0,2007.0,2101.0,2387.0
3500,12576.0,14000.0,15065.0,15748.0
3501,772.0,724.0,713.0,809.0
3505,1857.0,1926.0,1928.0,2100.0
3506,,,22.0,17.0
3507,56.0,224.0,84.0,95.0
3509,140.0,102.0,126.0,120.0
3512,259.0,322.0,216.0,187.0
3515,436.0,357.0,730.0,918.0
3516,338.0,356.0,341.0,384.0
3517,756.0,818.0,739.0,776.0
3518,725.0,828.0,839.0,831.0
3520,109.0,155.0,110.0,116.0
3521,296.0,319.0,281.0,302.0
3522,174.0,275.0,166.0,206.0
3523,1913.0,2048.0,2158.0,2390.0
3525,773.0,687.0,694.0,783.0
3527,417.0,438.0,439.0,411.0
3529,108.0,,43.0,54.0
3530,57.0,177.0,72.0,90.0
3531,160.0,160.0,82.0,99.0
3533,375.0,442.0,421.0,441.0
3537,584.0,594.0,513.0,565.0
3540,213.0,185.0,162.0,151.0
3542,77.0,96.0,67.0,72.0
3544,119.0,182.0,127.0,138.0
3546,215.0,221.0,198.0,183.0
3549,1563.0,1574.0,1514.0,1490.0
3550,17433.0,18139.0,19451.0,19911.0
3551,7275.0,8952.0,10933.0,13137.0
3555,7349.0,8218.0,9065.0,9584.0
3556,4404.0,5007.0,5903.0,6248.0
3557,310.0,268.0,337.0,362.0
3558,434.0,502.0,496.0,510.0
3559,179.0,312.0,284.0,296.0
3561,2289.0,2109.0,2017.0,2102.0
3562,142.0,135.0,128.0,139.0
3563,350.0,361.0,365.0,371.0
3564,6254.0,6703.0,7153.0,7743.0
3565,,,50.0,54.0
3566,295.0,295.0,289.0,306.0
3567,228.0,288.0,318.0,337.0
3568,1464.0,1406.0,1452.0,1468.0
3570,402.0,248.0,319.0,377.0
3571,182.0,155.0,151.0,140.0
3572,,95.0,66.0,63.0
3573,205.0,256.0,161.0,175.0
3575,496.0,464.0,437.0,429.0
3576,,,38.0,33.0
3579,2702.0,2637.0,2687.0,2714.0
3580,427.0,439.0,513.0,548.0
3581,107.0,159.0,98.0,68.0
3583,,,90.0,74.0
3584,619.0,623.0,491.0,561.0
3585,,,5062.0,5239.0
3586,124.0,320.0,300.0,317.0
3588,119.0,123.0,151.0,166.0
3589,329.0,127.0,151.0,169.0
3590,88.0,150.0,126.0,135.0
3591,240.0,124.0,69.0,74.0
3594,283.0,249.0,268.0,305.0
3595,217.0,314.0,302.0,327.0
3596,,71.0,49.0,49.0
3597,303.0,253.0,210.0,251.0
3599,97.0,,85.0,80.0
3607,,,66.0,77.0
3608,1376.0,1308.0,1446.0,1614.0
3610,658.0,674.0,683.0,717.0
3612,1013.0,896.0,973.0,997.0
3614,313.0,287.0,346.0,361.0
3616,2039.0,2198.0,2318.0,2535.0
3617,,115.0,62.0,62.0
3618,317.0,300.0,296.0,319.0
3620,3384.0,3492.0,3621.0,3758.0
3621,853.0,926.0,974.0,1007.0
3622,142.0,133.0,201.0,203.0
3623,444.0,434.0,433.0,440.0
3624,259.0,246.0,248.0,256.0
3629,3745.0,4025.0,4194.0,4408.0
3630,11711.0,12581.0,13500.0,14002.0
3631,3108.0,3846.0,4347.0,5216.0
3633,240.0,240.0,249.0,248.0
3634,714.0,682.0,722.0,762.0
3635,179.0,285.0,254.0,262.0
3636,2549.0,2449.0,2430.0,2524.0
3637,272.0,282.0,227.0,270.0
3638,692.0,966.0,975.0,1052.0
3639,485.0,299.0,322.0,322.0
3640,312.0,445.0,386.0,412.0
3641,397.0,527.0,547.0,595.0
3646,378.0,372.0,251.0,268.0
3647,,,3.0,4.0
3649,220.0,185.0,205.0,206.0
3658,2104.0,2497.0,2701.0,2699.0
3659,653.0,373.0,362.0,365.0
3660,3545.0,3466.0,3619.0,3802.0
3662,377.0,305.0,276.0,295.0
3663,,87.0,88.0,86.0
3664,361.0,488.0,501.0,553.0
3665,263.0,,184.0,185.0
3666,2247.0,2631.0,2566.0,2747.0
3669,603.0,534.0,723.0,805.0
3670,181.0,339.0,279.0,298.0
3672,4198.0,5016.0,5157.0,5429.0
3673,1267.0,752.0,803.0,890.0
3675,910.0,635.0,817.0,868.0
3677,7101.0,8047.0,8595.0,8953.0
3678,2653.0,2777.0,2737.0,2857.0
3682,316.0,278.0,254.0,263.0
3683,742.0,770.0,796.0,850.0
3685,1103.0,1147.0,1319.0,1421.0
3687,343.0,403.0,476.0,499.0
3688,414.0,486.0,488.0,556.0
3690,12312.0,13201.0,14627.0,15499.0
3691,2459.0,3021.0,,
3694,11.0,155.0,0.0,
3695,176.0,187.0,188.0,186.0
3697,291.0,307.0,290.0,298.0
3698,530.0,552.0,520.0,613.0
3699,782.0,825.0,935.0,773.0
3700,534.0,571.0,626.0,644.0
3701,693.0,620.0,625.0,635.0
3704,,,15.0,12.0
3705,194.0,244.0,134.0,135.0
3707,907.0,883.0,,
3708,,,34.0,37.0
3709,163.0,188.0,183.0,197.0
3711,281.0,162.0,315.0,368.0
3712,82.0,233.0,228.0,240.0
3713,975.0,880.0,881.0,914.0
3714,1787.0,1777.0,1914.0,2039.0
3715,,273.0,248.0,293.0
3717,1361.0,1512.0,1465.0,1910.0
3718,,,48.0,53.0
3719,156.0,315.0,230.0,279.0
3720,815.0,617.0,648.0,682.0
3722,1888.0,2263.0,2481.0,2849.0
3723,3112.0,3044.0,3198.0,3196.0
3725,199.0,147.0,279.0,282.0
3726,188.0,426.0,205.0,201.0
3727,231.0,172.0,142.0,134.0
3728,382.0,296.0,307.0,317.0
3730,3547.0,4018.0,4503.0,5087.0
3732,266.0,214.0,284.0,300.0
3733,161.0,233.0,114.0,131.0
3735,344.0,252.0,276.0,307.0
3737,2048.0,2019.0,2118.0,2146.0
3738,65.0,,107.0,92.0
3739,101.0,192.0,122.0,103.0
3740,509.0,518.0,562.0,525.0
3741,2182.0,2511.0,2375.0,2454.0
3744,296.0,186.0,273.0,283.0
3746,119.0,131.0,179.0,182.0
3747,1844.0,1966.0,2127.0,2348.0
3749,811.0,742.0,802.0,912.0
3750,142.0,205.0,3044.0,7989.0
3751,,137.0,116.0,67.0
3752,4061.0,6951.0,8074.0,8500.0
3753,439.0,319.0,772.0,1534.0
3754,1365.0,6544.0,13337.0,17373.0
3755,,116.0,108.0,101.0
3756,2551.0,3318.0,4336.0,5686.0
3757,2800.0,2967.0,3413.0,3696.0
3758,513.0,749.0,773.0,804.0
3759,509.0,401.0,386.0,385.0
3760,,143.0,138.0,126.0
3761,547.0,417.0,457.0,461.0
3762,,,60.0,61.0
3763,578.0,523.0,680.0,722.0
3764,2566.0,2957.0,3641.0,4334.0
3765,2290.0,2450.0,2463.0,2503.0
3766,508.0,527.0,555.0,544.0
3767,548.0,544.0,548.0,536.0
3770,1153.0,1169.0,1201.0,1217.0
3775,1539.0,1423.0,1536.0,1646.0
3777,4211.0,4470.0,4590.0,4762.0
3778,169.0,291.0,102.0,111.0
3779,402.0,186.0,275.0,372.0
3781,1638.0,1626.0,1675.0,1722.0
3782,2710.0,2927.0,2956.0,2976.0
3783,613.0,813.0,868.0,946.0
3785,0.0,0.0,29.0,30.0
3786,619.0,637.0,590.0,592.0
3787,365.0,458.0,406.0,409.0
3788,811.0,761.0,804.0,790.0
3789,93.0,130.0,124.0,129.0
3791,528.0,641.0,597.0,606.0
3792,381.0,409.0,394.0,400.0
3793,1335.0,1359.0,1393.0,1420.0
3795,748.0,470.0,435.0,464.0
3796,3187.0,3362.0,3531.0,3575.0
3797,1192.0,1340.0,1491.0,1594.0
3799,2712.0,2965.0,2900.0,3013.0
3800,40.0,14.0,30.0,
3802,8078.0,8338.0,8558.0,8670.0
3803,3332.0,3504.0,3706.0,3875.0
3804,1723.0,1972.0,2421.0,2537.0
3805,16927.0,17869.0,18464.0,19181.0
3806,13579.0,16249.0,17282.0,18337.0
3807,1571.0,2297.0,2459.0,2692.0
3808,1035.0,997.0,998.0,1037.0
3809,884.0,725.0,2723.0,7022.0
3810,8338.0,13742.0,17997.0,20674.0
3812,904.0,839.0,842.0,899.0
3813,112.0,387.0,332.0,363.0
3814,710.0,736.0,858.0,996.0
3815,992.0,1099.0,1154.0,1382.0
3816,853.0,805.0,1093.0,1340.0
3818,3824.0,5057.0,5916.0,7202.0
3820,5062.0,6095.0,6928.0,8404.0
3821,1139.0,1070.0,1188.0,1251.0
3822,230.0,408.0,354.0,375.0
3823,692.0,786.0,857.0,953.0
3824,1929.0,2063.0,2148.0,2345.0
3825,9353.0,9694.0,10041.0,10413.0
3831,672.0,664.0,744.0,875.0
3832,113.0,199.0,139.0,135.0
3833,299.0,335.0,282.0,261.0
3835,73.0,235.0,198.0,221.0
3840,7643.0,7755.0,8048.0,8168.0
3842,1878.0,2003.0,2145.0,2208.0
3844,10719.0,11989.0,12978.0,13833.0
3847,891.0,942.0,956.0,1024.0
3850,5870.0,6455.0,6976.0,7215.0
3851,3662.0,3763.0,4280.0,4589.0
3852,23.0,23.0,12.0,11.0
3854,509.0,559.0,534.0,564.0
3856,345.0,364.0,388.0,448.0
3857,240.0,157.0,150.0,169.0
3858,1122.0,1389.0,1405.0,1503.0
3859,562.0,369.0,380.0,421.0
3860,2980.0,3287.0,3449.0,3608.0
3862,1201.0,1462.0,1409.0,1601.0
3864,,181.0,102.0,111.0
3865,135.0,177.0,185.0,221.0
3869,507.0,610.0,677.0,745.0
3870,670.0,732.0,618.0,648.0
3871,1141.0,1241.0,1298.0,1380.0
3873,,200.0,134.0,141.0
3874,385.0,387.0,404.0,482.0
3875,6740.0,7750.0,8552.0,9198.0
3878,585.0,391.0,557.0,706.0
3880,2158.0,2477.0,2585.0,2799.0
3882,647.0,444.0,492.0,569.0
3885,871.0,840.0,901.0,961.0
3886,152.0,190.0,179.0,184.0
3887,77.0,161.0,171.0,159.0
3888,1953.0,2042.0,2023.0,2068.0
3889,162.0,291.0,179.0,160.0
3890,244.0,128.0,237.0,234.0
3891,206.0,151.0,117.0,73.0
3892,755.0,785.0,864.0,816.0
3893,,,21.0,18.0
3895,211.0,133.0,126.0,146.0
3896,179.0,273.0,240.0,254.0
3898,581.0,686.0,827.0,619.0
3900,235.0,224.0,126.0,107.0
3902,277.0,187.0,188.0,216.0
3903,,328.0,370.0,395.0
3904,898.0,906.0,986.0,1216.0
3909,4243.0,4365.0,4578.0,5031.0
3910,7230.0,8101.0,8710.0,9084.0
3911,1143.0,1264.0,1319.0,1402.0
3912,5330.0,5462.0,5710.0,6027.0
3913,997.0,1257.0,1273.0,1331.0
3915,3274.0,3947.0,4501.0,4838.0
3916,671.0,540.0,767.0,810.0
3918,1137.0,1298.0,1470.0,1750.0
3919,1100.0,1229.0,1355.0,1402.0
3920,137.0,117.0,112.0,109.0
3921,87.0,98.0,101.0,134.0
3922,7313.0,8114.0,8759.0,9794.0
3923,449.0,566.0,487.0,605.0
3925,2499.0,2770.0,2944.0,3230.0
3926,1786.0,1874.0,1830.0,1903.0
3927,1050.0,1100.0,1201.0,1254.0
3928,397.0,294.0,277.0,292.0
3929,809.0,921.0,945.0,1021.0
3930,6424.0,6607.0,6820.0,6887.0
3931,9869.0,10518.0,11322.0,11954.0
3933,331.0,378.0,375.0,387.0
3934,6752.0,7547.0,8167.0,8496.0
3936,6136.0,6965.0,8021.0,8905.0
3937,957.0,1152.0,885.0,903.0
3938,1714.0,1833.0,2002.0,2137.0
3939,7854.0,8595.0,9002.0,9606.0
3940,3267.0,3270.0,3581.0,3768.0
3941,11012.0,11493.0,11852.0,12061.0
3942,3270.0,3344.0,3471.0,3534.0
3943,2845.0,2914.0,3053.0,3102.0
3944,1250.0,1334.0,1451.0,1456.0
3945,685.0,464.0,484.0,508.0
3946,104.0,,106.0,148.0
3950,1725.0,2095.0,2221.0,2385.0
3951,355.0,442.0,492.0,466.0
3953,3045.0,3277.0,3508.0,3748.0
3954,178.0,156.0,165.0,171.0
3956,2450.0,2700.0,2851.0,3136.0
3957,,237.0,129.0,133.0
3958,129.0,224.0,150.0,153.0
3959,1071.0,1076.0,1271.0,1333.0
3960,1458.0,1325.0,1528.0,1615.0
3962,560.0,661.0,554.0,577.0
3964,77.0,,93.0,108.0
3965,188.0,212.0,125.0,246.0
3966,278.0,385.0,290.0,304.0
3967,,,67.0,66.0
3971,2327.0,2207.0,2309.0,2406.0
3975,1719.0,3770.0,4440.0,5230.0
3976,7526.0,7874.0,8331.0,8639.0
3977,17549.0,24569.0,32464.0,39481.0
3978,434.0,462.0,3844.0,13840.0
3979,,340.0,144.0,159.0
3980,1124.0,1222.0,1318.0,1372.0
3981,1469.0,1672.0,1859.0,2079.0
3984,2616.0,3004.0,3201.0,4016.0
3987,383.0,506.0,573.0,595.0
3988,344.0,379.0,437.0,489.0
3990,,,52.0,56.0
3991,464.0,219.0,196.0,211.0
3992,285.0,317.0,489.0,608.0
3995,4801.0,5293.0,5793.0,6525.0
3996,3474.0,4133.0,4353.0,4754.0
3999,45.0,,,
Total,,2274688.0,2517676.0,2801730.0
